block,trial,trialCounter,trials_since_break,targetLoc,distractLoc1,distractLoc2,fixationTime,fixationPropGoodSamples,fixationTimeout,trialPropGoodSamples,timeout,softTimeoutTrial,omissionTrial1,omissionTrial2,rt,trialRewardAvailable,trialPay,totalPoints,trialType,distractType1,distractType2,timeOnLoc_1,timeOnLoc_2,timeOnLoc3,timeOnLoc4,timeOnLoc5,timeOnLoc6,timeOnLoc7,phase,subnum,gender,genderInfo,age,counterbal
1,1,1,1,1,3,5,0.933591400000296,0.964285714285714,0,1,0,0,0,0,0.359608000000662,100,100,100,2,1,4,0.101666666666667,0,0,0,0,0,0.256666666666667,1,138,1,x,30,2
1,2,2,2,1,5,3,0.800064999999449,1,0,1,0,0,0,0,0.216454800000065,50,50,150,5,3,4,0.103333333333333,0,0,0,0,0,0.113333333333333,1,138,1,x,30,2
1,3,3,3,2,1,3,0.799973000001046,1,0,1,0,0,1,0,0.337267000000793,70,70,220,3,2,4,0.225,0.103333333333333,0,0,0,0,0.01,1,138,1,x,30,2
1,4,4,4,2,1,3,0.933303300000262,0.964285714285714,0,1,0,0,1,0,0.408613600000535,50,50,270,6,3,4,0.111666666666667,0.101666666666667,0,0,0,0,0.195,1,138,1,x,30,2
1,5,5,5,3,4,2,0.800024500000291,1,0,1,0,0,0,0,0.326988799999526,100,100,370,4,2,4,0,0,0.101666666666667,0,0,0,0.225,1,138,1,x,30,2
1,6,6,6,3,4,2,0.899984799998492,1,0,1,0,1,0,1,0.837116099999548,100,0,370,2,1,4,0,0.01,0.103333333333333,0,0,0,0.723333333333334,1,138,1,x,30,2
1,7,7,7,1,5,3,0.799946300001466,1,0,1,0,0,0,0,0.306305100000827,50,50,420,5,3,4,0.101666666666667,0,0,0,0,0,0.205,1,138,1,x,30,2
1,8,8,8,4,6,2,1.23329860000013,1,0,1,0,0,0,0,0.367537300000549,50,50,470,5,3,4,0,0,0.0716666666666667,0.101666666666667,0,0,0.193333333333333,1,138,1,x,30,2
1,9,9,9,6,1,5,0.799993599999652,1,0,1,0,0,0,0,0.316779000000679,50,50,520,5,3,4,0,0,0,0,0,0.101666666666667,0.215,1,138,1,x,30,2
1,10,10,10,1,5,3,0.799975800000539,1,0,1,0,0,0,0,0.316589300000487,0,0,520,1,1,4,0.101666666666667,0,0,0,0,0,0.215,1,138,1,x,30,2
1,11,11,11,4,5,3,0.799964899999395,1,0,1,0,0,0,0,0.326850800000102,100,100,620,4,2,4,0,0,0,0.103333333333333,0,0,0.223333333333333,1,138,1,x,30,2
1,12,12,12,1,3,5,0.79993309999918,1,0,1,0,0,0,0,0.327002799998809,100,100,720,4,2,4,0.101666666666667,0,0,0,0,0,0.225,1,138,1,x,30,2
1,13,13,13,4,3,5,0.799981100000878,1,0,1,0,0,0,0,0.459586699998908,0,0,720,1,1,4,0,0,0,0.101666666666667,0,0,0.356666666666667,1,138,1,x,30,2
1,14,14,14,3,4,2,0.799981599999228,1,0,1,0,0,0,0,0.398535899999843,100,100,820,2,1,4,0.111666666666667,0,0.103333333333333,0,0,0,0.183333333333333,1,138,1,x,30,2
1,15,15,15,1,5,3,0.799977999999101,1,0,1,0,0,0,0,0.265580400000545,100,100,920,4,2,4,0.101666666666667,0,0,0,0,0,0.163333333333333,1,138,1,x,30,2
1,16,16,16,6,1,5,0.799977399999989,1,0,1,0,0,1,0,0.428897399999187,70,70,990,3,2,4,0.131666666666667,0,0,0,0,0.103333333333333,0.193333333333333,1,138,1,x,30,2
1,17,17,17,5,6,4,0.799950999999055,1,0,1,0,0,1,0,0.469076800000039,50,50,1040,6,3,4,0,0,0,0,0.101666666666667,0.143333333333333,0.223333333333333,1,138,1,x,30,2
1,18,18,18,1,5,3,0.899982099999761,1,0,1,0,0,0,0,0.326706100000592,70,70,1110,3,2,4,0.101666666666667,0,0,0,0,0,0.225,1,138,1,x,30,2
1,19,19,19,2,1,3,0.799970800000665,1,0,1,0,0,1,0,0.377995599999849,70,70,1180,3,2,4,0.0916666666666667,0.101666666666667,0,0,0,0,0.183333333333333,1,138,1,x,30,2
1,20,20,20,1,3,5,0.799963899999057,1,0,1,0,0,0,0,0.32649390000006,100,100,1280,4,2,4,0.101666666666667,0,0,0,0,0,0.225,1,138,1,x,30,2
1,21,21,21,5,6,4,0.79993900000045,1,0,1,0,0,1,0,0.561290800000279,70,70,1350,3,2,4,0,0,0,0,0.101666666666667,0.225,0.235,1,138,1,x,30,2
1,22,22,22,5,3,1,0.799968500001341,1,0,1,0,0,0,0,0.336962299999868,0,0,1350,1,1,4,0,0,0,0,0.101666666666667,0,0.235,1,138,1,x,30,2
1,23,23,23,1,5,3,0.799971099999311,1,0,1,0,0,0,0,0.316307400000369,100,100,1450,2,1,4,0.101666666666667,0,0,0,0,0,0.215,1,138,1,x,30,2
1,24,24,24,2,6,4,0.933306999999331,0.964285714285714,0,1,0,0,0,0,0.428760000000693,0,0,1450,1,1,4,0.111666666666667,0.101666666666667,0,0,0,0,0.215,1,138,1,x,30,2
1,25,25,25,5,1,3,0.79998279999927,1,0,1,0,0,0,0,0.296303099999932,70,70,1520,3,2,4,0,0,0,0,0.103333333333333,0,0.193333333333333,1,138,1,x,30,2
1,26,26,26,4,2,6,0.799973000001046,1,0,1,0,0,0,0,0.336991199999829,0,0,1520,1,1,4,0,0,0,0.101666666666667,0,0,0.235,1,138,1,x,30,2
1,27,27,27,6,2,4,0.833324200000789,1,0,1,0,0,0,0,0.449146599999949,50,50,1570,6,3,4,0,0,0,0,0.123333333333333,0.101666666666667,0.223333333333333,1,138,1,x,30,2
1,28,28,28,1,6,2,0.80000740000105,1,0,1,0,0,0,0,0.326653899999656,50,50,1620,5,3,4,0.103333333333333,0,0,0,0,0,0.223333333333333,1,138,1,x,30,2
1,29,29,29,1,3,5,0.79997689999982,1,0,1,0,0,0,0,0.28593009999895,100,100,1720,4,2,4,0.101666666666667,0,0,0,0,0,0.183333333333333,1,138,1,x,30,2
1,30,30,30,4,3,5,0.799950700000409,1,0,1,0,0,0,0,0.35755059999974,100,100,1820,4,2,4,0,0,0,0.101666666666667,0,0,0.255,1,138,1,x,30,2
1,31,31,31,5,4,6,0.800002599999061,1,0,1,0,0,0,0,0.326652700001432,100,100,1920,2,1,4,0,0,0,0,0.103333333333333,0,0.223333333333333,1,138,1,x,30,2
1,32,32,32,3,4,2,0.799951900000451,1,0,1,0,0,0,1,0.35738400000082,50,50,1970,6,3,4,0.0816666666666667,0.00833333333333333,0.101666666666667,0,0,0,0.165,1,138,1,x,30,2
1,33,33,33,3,4,2,0.799967599999945,1,0,1,0,0,0,0,0.316655299999184,70,70,2040,3,2,4,0,0,0.103333333333333,0,0,0,0.213333333333333,1,138,1,x,30,2
1,34,34,34,6,1,5,0.799975300000369,1,0,1,0,0,0,0,0.397990600000412,50,50,2090,5,3,4,0,0,0,0,0,0.101666666666667,0.295,1,138,1,x,30,2
1,35,35,35,2,4,6,0.933301099999881,0.928571428571429,0,1,0,0,0,0,0.367362000000867,0,0,2090,1,1,4,0,0.103333333333333,0,0,0,0,0.263333333333333,1,138,1,x,30,2
1,36,36,36,5,3,1,0.799937199999476,1,0,1,0,0,1,0,0.367535100000168,50,50,2140,6,3,4,0,0,0.05,0,0.101666666666667,0,0.215,1,138,1,x,30,2
1,37,37,37,5,6,4,0.833249900000737,1,0,1,0,0,0,0,0.30611780000072,50,50,2190,5,3,4,0,0,0,0,0.101666666666667,0,0.203333333333333,1,138,1,x,30,2
1,38,38,38,6,2,4,0.799989799999821,1,0,1,0,0,0,0,0.479644399998506,0,0,2190,1,1,4,0.01,0,0,0,0,0.101666666666667,0.368333333333334,1,138,1,x,30,2
1,39,39,39,1,6,2,0.833320400000957,1,0,1,0,0,0,0,0.306283699999767,50,50,2240,6,3,4,0.101666666666667,0,0,0,0,0,0.205,1,138,1,x,30,2
1,40,40,40,6,2,4,0.799986600000921,1,0,1,0,0,0,0,0.327060100000381,100,100,2340,2,1,4,0.0616666666666667,0,0,0,0,0.101666666666667,0.163333333333333,1,138,1,x,30,2
1,41,41,41,6,1,5,0.799965400001383,1,0,1,0,0,0,0,0.296166399999493,100,100,2440,2,1,4,0,0,0,0,0,0.101666666666667,0.195,1,138,1,x,30,2
1,42,42,42,6,5,1,0.799991300000329,1,0,1,0,0,0,0,0.244916699999521,50,50,2490,6,3,4,0,0,0,0,0,0.101666666666667,0.143333333333333,1,138,1,x,30,2
2,43,1,1,2,3,1,0.799948800000493,1,0,1,0,0,0,1,0.571867499998916,100,100,2590,4,2,4,0.0916666666666667,0.101666666666667,0,0,0,0,0.378333333333333,1,138,1,x,30,2
2,44,2,2,5,3,1,0.799972499999058,1,0,1,0,0,0,0,0.33692820000033,100,100,2690,4,2,4,0,0,0,0,0.101666666666667,0,0.235,1,138,1,x,30,2
2,45,3,3,5,6,4,0.899969000000056,1,0,1,0,0,1,0,0.387908599999719,70,70,2760,3,2,4,0,0,0,0,0.103333333333333,0.0816666666666667,0.203333333333333,1,138,1,x,30,2
2,46,4,4,5,3,1,0.799999700000626,1,0,1,0,0,0,0,0.306299899999431,50,50,2810,6,3,4,0,0,0,0,0.101666666666667,0,0.203333333333333,1,138,1,x,30,2
2,47,5,5,4,6,2,0.800014200000078,1,0,1,0,0,0,0,0.367462300000625,50,50,2860,6,3,4,0,0,0,0.101666666666667,0,0,0.265,1,138,1,x,30,2
2,48,6,6,5,1,3,0.799957999999606,1,0,1,0,0,0,0,0.316570400000273,100,100,2960,4,2,4,0,0,0,0,0.103333333333333,0,0.213333333333333,1,138,1,x,30,2
2,49,7,7,6,5,1,0.79997579999872,1,0,1,0,0,0,0,0.37811259999944,0,0,2960,1,1,4,0,0,0,0,0,0.101666666666667,0.275,1,138,1,x,30,2
2,50,8,8,5,6,4,0.800008000000162,1,0,1,0,0,0,0,0.296170499999789,50,50,3010,6,3,4,0,0,0,0,0.101666666666667,0,0.193333333333333,1,138,1,x,30,2
2,51,9,9,5,6,4,0.79992300000049,1,0,1,0,0,0,0,0.275562700000592,70,70,3080,3,2,4,0,0,0,0,0.101666666666667,0,0.173333333333333,1,138,1,x,30,2
2,52,10,10,4,5,3,0.799968999999692,1,0,1,0,0,1,0,0.438990800001193,0,0,3080,1,1,4,0,0,0,0.101666666666667,0.121666666666667,0,0.215,1,138,1,x,30,2
2,53,11,11,5,6,4,0.799974300000031,1,0,1,0,0,0,0,0.306343399999605,70,70,3150,3,2,4,0,0,0,0,0.101666666666667,0,0.203333333333333,1,138,1,x,30,2
2,54,12,12,4,3,5,0.799945000000662,1,0,1,0,0,0,0,0.306334900000365,70,70,3220,3,2,4,0,0,0,0.101666666666667,0,0,0.205,1,138,1,x,30,2
2,55,13,13,6,4,2,0.79995880000024,1,0,1,0,0,0,0,0.377651599999808,50,50,3270,6,3,4,0,0,0,0,0.0816666666666667,0.101666666666667,0.195,1,138,1,x,30,2
2,56,14,14,2,3,1,0.799974100000327,1,0,1,0,0,0,0,0.34681830000045,100,100,3370,2,1,4,0,0.101666666666667,0,0,0,0,0.245,1,138,1,x,30,2
2,57,15,15,1,2,6,0.799977699998635,1,0,1,0,0,1,0,0.357206700000461,100,100,3470,2,1,4,0.101666666666667,0.05,0,0,0,0,0.205,1,138,1,x,30,2
2,58,16,16,1,2,6,0.799975199999608,1,0,1,0,0,0,0,0.275633899998866,0,0,3470,1,1,4,0.101666666666667,0,0,0,0,0,0.173333333333333,1,138,1,x,30,2
2,59,17,17,2,4,6,0.866764799999146,1,0,1,0,0,0,0,0.387991800000236,50,50,3520,5,3,4,0.131666666666667,0.103333333333333,0,0,0,0,0.153333333333333,1,138,1,x,30,2
2,60,18,18,3,2,4,0.799964100000579,1,0,1,0,0,1,0,0.398252500001036,100,100,3620,4,2,4,0,0.0816666666666667,0.101666666666667,0,0,0,0.215,1,138,1,x,30,2
2,61,19,19,4,2,6,0.799966000000495,1,0,1,0,0,0,0,0.357056400000147,0,0,3620,1,1,4,0,0,0,0.101666666666667,0,0,0.255,1,138,1,x,30,2
2,62,20,20,3,4,2,0.799963499999649,1,0,1,0,0,0,0,0.316283599999224,100,100,3720,2,1,4,0,0,0.103333333333333,0,0,0,0.213333333333333,1,138,1,x,30,2
2,63,21,21,1,6,2,0.799940799999604,1,0,1,0,0,0,0,0.316414599999916,50,50,3770,5,3,4,0.103333333333333,0,0,0,0,0,0.213333333333333,1,138,1,x,30,2
2,64,22,22,6,1,5,0.799989400000413,1,0,1,0,0,1,0,0.387834200000725,100,100,3870,4,2,4,0.101666666666667,0,0,0,0,0.101666666666667,0.183333333333333,1,138,1,x,30,2
2,65,23,23,1,2,6,0.799961599999733,1,0,1,0,0,0,0,0.275681900000563,50,50,3920,5,3,4,0.101666666666667,0,0,0,0,0,0.173333333333333,1,138,1,x,30,2
2,66,24,24,5,4,6,0.799949000000197,1,0,1,0,0,0,0,0.479970499998672,70,70,3990,3,2,4,0,0,0,0,0.103333333333333,0,0.376666666666667,1,138,1,x,30,2
2,67,25,25,6,4,2,0.799984600000244,1,0,1,0,0,0,0,0.306402500000331,70,70,4060,3,2,4,0,0,0,0,0,0.101666666666667,0.203333333333333,1,138,1,x,30,2
2,68,26,26,4,3,5,0.79996519999986,1,0,1,0,0,0,0,0.357380399998874,70,70,4130,3,2,4,0,0,0,0.101666666666667,0,0,0.255,1,138,1,x,30,2
2,69,27,27,2,4,6,0.800000799999907,1,0,1,0,0,0,0,0.326841099999001,0,0,4130,1,1,4,0,0.103333333333333,0,0,0,0,0.223333333333333,1,138,1,x,30,2
2,70,28,28,3,4,2,0.800049100000251,1,0,1,0,0,0,0,0.326743200001147,100,100,4230,2,1,4,0,0,0.101666666666667,0,0,0,0.223333333333333,1,138,1,x,30,2
2,71,29,29,2,1,3,0.799986399999398,1,0,1,0,0,1,0,0.367382899999939,50,50,4280,5,3,4,0.0933333333333333,0.101666666666667,0,0,0,0,0.171666666666667,1,138,1,x,30,2
2,72,30,30,1,2,6,0.799964600000749,1,0,1,0,0,1,0,0.377725700000155,50,50,4330,6,3,4,0.101666666666667,0.0916666666666667,0,0,0,0,0.183333333333333,1,138,1,x,30,2
2,73,31,31,5,3,1,0.7999705000002,1,0,1,0,0,1,0,0.367398599999433,50,50,4380,6,3,4,0,0,0.03,0,0.101666666666667,0,0.236666666666667,1,138,1,x,30,2
2,74,32,32,4,6,2,0.799965900001553,1,0,1,0,0,0,0,0.448956099999123,100,100,4480,2,1,4,0,0,0,0.101666666666667,0,0,0.348333333333333,1,138,1,x,30,2
2,75,33,33,3,4,2,0.833296199998586,1,0,1,0,0,0,1,0.377777800000331,0,0,4480,1,1,4,0,0.01,0.101666666666667,0,0,0,0.266666666666667,1,138,1,x,30,2
2,76,34,34,1,5,3,0.799965500000326,1,0,1,0,0,0,0,0.296256099998573,50,50,4530,6,3,4,0.101666666666667,0,0,0,0,0,0.195,1,138,1,x,30,2
2,77,35,35,1,5,3,0.79997209999965,1,0,1,0,0,0,0,0.32657350000045,100,100,4630,2,1,4,0.101666666666667,0,0,0,0,0,0.225,1,138,1,x,30,2
2,78,36,36,1,2,6,0.799969800000326,1,0,1,0,0,0,0,0.306287499999598,100,100,4730,4,2,4,0.101666666666667,0,0,0,0,0,0.205,1,138,1,x,30,2
2,79,37,37,2,1,3,0.799977900000158,1,0,1,0,0,1,0,0.398159299998952,100,100,4830,2,1,4,0.08,0.103333333333333,0,0,0,0,0.215,1,138,1,x,30,2
2,80,38,38,5,4,6,0.79996840000058,1,0,1,0,0,1,0,0.418256000000838,0,0,4830,1,1,4,0.0816666666666667,0,0,0.0716666666666667,0.101666666666667,0,0.163333333333333,1,138,1,x,30,2
2,81,39,39,2,6,4,0.799978099999862,1,0,1,0,0,0,0,0.285777700000835,100,100,4930,4,2,4,0,0.101666666666667,0,0,0,0,0.183333333333333,1,138,1,x,30,2
2,82,40,40,1,3,5,0.79997849999927,1,0,1,0,0,0,0,0.347374700000728,50,50,4980,5,3,4,0.101666666666667,0,0,0,0,0,0.245,1,138,1,x,30,2
2,83,41,41,6,5,1,0.799991800000498,1,0,1,0,0,0,0,0.327243900001122,50,50,5030,5,3,4,0,0,0,0,0,0.101666666666667,0.225,1,138,1,x,30,2
2,84,42,42,5,6,4,0.799953499999901,1,0,1,0,0,0,0,0.347054699999717,50,50,5080,5,3,4,0,0,0,0,0.101666666666667,0,0.245,1,138,1,x,30,2
3,85,1,1,3,4,2,0.800019199999952,1,0,1,0,0,0,0,0.378072199999224,50,50,5130,5,3,4,0.255,0,0.101666666666667,0,0,0,0.0216666666666667,1,138,1,x,30,2
3,86,2,2,1,5,3,0.799974600000496,1,0,1,0,0,0,0,0.295955600000525,70,70,5200,3,2,4,0.101666666666667,0,0,0,0,0,0.195,1,138,1,x,30,2
3,87,3,3,4,5,3,0.833290200000192,1,0,1,0,0,0,1,0.4287187000009,0,0,5200,1,1,4,0.223333333333333,0.01,0.0816666666666667,0.103333333333333,0,0,0.01,1,138,1,x,30,2
3,88,4,4,4,6,2,0.79994859999897,1,0,1,0,1,0,0,1.24504460000026,50,0,5200,6,3,4,0,0,0,0.101666666666667,0,0,1.14333333333333,1,138,1,x,30,2
3,89,5,5,3,1,5,0.799956299999394,1,0,1,0,0,1,0,0.683951999999408,50,50,5250,6,3,4,0.0516666666666667,0.0316666666666667,0.101666666666667,0,0,0,0.5,1,138,1,x,30,2
3,90,6,6,3,1,5,0.799981299998763,1,0,1,0,0,0,0,0.296009899999262,70,70,5320,3,2,4,0,0,0.101666666666667,0,0,0,0.195,1,138,1,x,30,2
3,91,7,7,3,2,4,0.799969299998338,1,0,1,0,0,0,0,0.275662199999715,0,0,5320,1,1,4,0,0,0.101666666666667,0,0,0,0.173333333333333,1,138,1,x,30,2
3,92,8,8,5,3,1,0.799967899998592,1,0,1,0,0,1,0,0.33678510000027,0,0,5320,1,1,4,0,0,0.0516666666666667,0,0.101666666666667,0,0.183333333333333,1,138,1,x,30,2
3,93,9,9,3,4,2,0.799979499999608,1,0,1,0,0,0,1,0.3979889000002,70,70,5390,3,2,4,0,0.01,0.101666666666667,0,0,0,0.286666666666667,1,138,1,x,30,2
3,94,10,10,1,2,6,0.799971599999481,1,0,1,0,0,0,0,0.316248099999939,50,50,5440,6,3,4,0.103333333333333,0,0,0,0,0,0.213333333333333,1,138,1,x,30,2
3,95,11,11,4,2,6,0.799964899999395,1,0,1,0,0,1,0,0.377972300000692,0,0,5440,1,1,4,0.215,0.05,0,0.103333333333333,0,0,0.01,1,138,1,x,30,2
3,96,12,12,6,4,2,0.799977900000158,1,0,1,0,0,0,0,0.316535100000692,0,0,5440,1,1,4,0,0,0,0,0.0116666666666667,0.101666666666667,0.203333333333333,1,138,1,x,30,2
3,97,13,13,6,1,5,0.799933300000703,1,0,1,0,0,0,0,0.306344399999944,100,100,5540,2,1,4,0,0,0,0,0,0.103333333333333,0.203333333333333,1,138,1,x,30,2
3,98,14,14,1,5,3,0.799974899999143,1,0,1,0,0,0,0,0.398044300000038,100,100,5640,2,1,4,0.101666666666667,0,0,0,0,0.01,0.286666666666667,1,138,1,x,30,2
3,99,15,15,2,6,4,0.800017600000501,1,0,1,0,0,0,0,0.357303099999626,50,50,5690,6,3,4,0,0.101666666666667,0,0,0,0,0.255,1,138,1,x,30,2
3,100,16,16,6,5,1,0.799999500000922,1,0,1,0,0,0,1,0.285445299999992,100,100,5790,4,2,4,0.02,0,0,0,0,0.101666666666667,0.163333333333333,1,138,1,x,30,2
3,101,17,17,2,6,4,0.79997209999965,1,0,1,0,0,0,0,0.296115200000713,70,70,5860,3,2,4,0,0.101666666666667,0,0,0,0,0.193333333333333,1,138,1,x,30,2
3,102,18,18,1,3,5,0.799956000000748,1,0,1,0,0,0,0,0.387731700000586,70,70,5930,3,2,4,0.101666666666667,0,0,0,0,0,0.285,1,138,1,x,30,2
3,103,19,19,3,4,2,0.799981100000878,1,0,1,0,0,0,1,0.388022400000409,50,50,5980,5,3,4,0,0.0816666666666667,0.101666666666667,0,0,0,0.203333333333333,1,138,1,x,30,2
3,104,20,20,6,5,1,0.799972999999227,1,0,1,0,0,0,0,0.285965700000816,100,100,6080,2,1,4,0,0,0,0,0,0.101666666666667,0.185,1,138,1,x,30,2
3,105,21,21,6,4,2,0.799982000000455,1,0,1,0,0,0,0,0.265507099999013,50,50,6130,5,3,4,0,0,0,0,0,0.103333333333333,0.161666666666667,1,138,1,x,30,2
3,106,22,22,5,4,6,0.799979299999904,1,0,1,0,0,1,0,0.439385499999844,0,0,6130,1,1,4,0,0,0,0.0933333333333333,0.101666666666667,0,0.245,1,138,1,x,30,2
3,107,23,23,1,5,3,0.833299900001293,1,0,1,0,0,0,0,0.296080299998721,50,50,6180,5,3,4,0.101666666666667,0,0,0,0,0,0.195,1,138,1,x,30,2
3,108,24,24,3,5,1,0.833287699999346,1,0,1,0,0,0,1,0.347242199999528,100,100,6280,4,2,4,0.02,0,0.103333333333333,0,0,0,0.225,1,138,1,x,30,2
3,109,25,25,3,4,2,0.799976199999946,1,0,1,0,0,0,0,0.337009900000339,100,100,6380,2,1,4,0,0,0.101666666666667,0,0,0,0.235,1,138,1,x,30,2
3,110,26,26,3,4,2,0.799986099998932,1,0,1,0,0,0,1,0.326559899998756,100,100,6480,4,2,4,0.205,0.01,0.101666666666667,0,0,0,0.01,1,138,1,x,30,2
3,111,27,27,3,1,5,0.799972299999354,1,0,1,0,0,0,0,0.306490700000722,70,70,6550,3,2,4,0,0,0.101666666666667,0,0,0,0.205,1,138,1,x,30,2
3,112,28,28,1,6,2,0.79998599999999,1,0,1,0,0,0,0,0.296014700001251,70,70,6620,3,2,4,0.103333333333333,0,0,0,0,0,0.193333333333333,1,138,1,x,30,2
3,113,29,29,1,3,5,0.799971500000538,1,0,1,0,0,0,0,0.285976399998617,100,100,6720,4,2,4,0.103333333333333,0,0,0,0,0,0.183333333333333,1,138,1,x,30,2
3,114,30,30,1,6,2,0.799964899999395,1,0,1,0,0,0,0,0.275704899999255,100,100,6820,4,2,4,0.101666666666667,0,0,0,0,0,0.173333333333333,1,138,1,x,30,2
3,115,31,31,4,5,3,0.799971099999311,1,0,1,0,0,0,0,0.367239399998653,50,50,6870,6,3,4,0,0,0,0.101666666666667,0,0,0.265,1,138,1,x,30,2
3,116,32,32,3,4,2,0.799976100001004,1,0,1,0,0,0,0,0.326529900001333,50,50,6920,5,3,4,0.0416666666666667,0,0.103333333333333,0,0,0,0.181666666666667,1,138,1,x,30,2
3,117,33,33,4,2,6,0.799903900000572,1,0,1,0,0,0,0,0.428751600000396,100,100,7020,2,1,4,0,0,0,0.101666666666667,0,0,0.326666666666667,1,138,1,x,30,2
3,118,34,34,6,4,2,0.799983800001428,1,0,1,0,0,0,0,0.316511299999547,100,100,7120,4,2,4,0,0,0,0,0,0.103333333333333,0.213333333333333,1,138,1,x,30,2
3,119,35,35,1,3,5,0.799970699999903,1,0,1,0,0,0,0,0.286063200001081,50,50,7170,6,3,4,0.101666666666667,0,0,0,0,0,0.183333333333333,1,138,1,x,30,2
3,120,36,36,6,1,5,0.799923900000067,1,0,1,0,0,1,0,0.326641400000881,50,50,7220,5,3,4,0.05,0,0,0,0,0.101666666666667,0.175,1,138,1,x,30,2
3,121,37,37,6,5,1,0.799955499998759,1,0,1,0,0,0,0,0.295729699999356,50,50,7270,5,3,4,0,0,0,0,0,0.101666666666667,0.193333333333333,1,138,1,x,30,2
3,122,38,38,3,4,2,0.799969000001511,1,0,1,0,0,0,0,0.316426600000341,100,100,7370,2,1,4,0,0,0.101666666666667,0,0,0,0.213333333333333,1,138,1,x,30,2
3,123,39,39,5,1,3,0.799977200000285,1,0,1,0,0,1,0,0.459274000000732,0,0,7370,1,1,4,0.0616666666666667,0,0,0,0.101666666666667,0.133333333333333,0.161666666666667,1,138,1,x,30,2
3,124,40,40,4,2,6,0.799960999998802,1,0,1,0,0,0,0,0.337231499999689,50,50,7420,6,3,4,0,0,0,0.103333333333333,0,0,0.233333333333333,1,138,1,x,30,2
3,125,41,41,6,4,2,0.799954599999182,1,0,1,0,0,0,0,0.316502600000604,100,100,7520,4,2,4,0,0,0,0,0,0.101666666666667,0.213333333333333,1,138,1,x,30,2
3,126,42,42,1,2,6,0.900150599998597,1,0,1,0,0,0,1,0.367406600000322,100,100,7620,2,1,4,0.101666666666667,0,0,0,0,0.103333333333333,0.163333333333333,1,138,1,x,30,2
4,127,1,1,3,2,4,0.800004099999569,1,0,1,0,0,1,0,0.550802700001441,100,100,7720,4,2,4,0,0.235,0.103333333333333,0,0,0,0.213333333333333,1,138,1,x,30,2
4,128,2,2,3,4,2,0.799980199999482,1,0,1,0,0,0,0,0.316360399998302,100,100,7820,4,2,4,0,0,0.101666666666667,0,0,0,0.215,1,138,1,x,30,2
4,129,3,3,1,2,6,0.799937499999942,1,0,1,0,0,0,0,0.296034799999688,50,50,7870,5,3,4,0.101666666666667,0,0,0,0,0,0.193333333333333,1,138,1,x,30,2
4,130,4,4,1,2,6,0.799975699999777,1,0,1,0,0,0,0,0.296294600000692,50,50,7920,6,3,4,0.103333333333333,0,0,0,0,0,0.193333333333333,1,138,1,x,30,2
4,131,5,5,1,5,3,0.799955000000409,1,0,1,0,0,0,0,0.153274000000238,0,0,7920,1,1,4,0.11,0,0,0,0,0,0.0433333333333333,1,138,1,x,30,2
4,132,6,6,4,2,6,0.933347999998659,0.928571428571429,0,1,0,0,0,0,0.296185900000637,0,0,7920,1,1,4,0,0,0,0.101666666666667,0,0,0.193333333333333,1,138,1,x,30,2
4,133,7,7,2,6,4,0.799938199999815,1,0,1,0,0,0,0,0.336710100000346,100,100,8020,2,1,4,0.225,0.101666666666667,0,0,0,0,0.01,1,138,1,x,30,2
4,134,8,8,6,1,5,0.799976000000242,1,0,1,0,0,0,0,0.306391800000711,50,50,8070,6,3,4,0,0,0,0,0,0.103333333333333,0.203333333333333,1,138,1,x,30,2
4,135,9,9,6,4,2,0.799978799999735,1,0,1,0,0,0,0,0.306196899999122,50,50,8120,5,3,4,0,0,0,0,0,0.101666666666667,0.203333333333333,1,138,1,x,30,2
4,136,10,10,4,2,6,0.79994810000062,1,0,1,0,0,0,0,0.326720600000044,50,50,8170,6,3,4,0,0,0,0.103333333333333,0,0,0.223333333333333,1,138,1,x,30,2
4,137,11,11,4,6,2,0.79996729999948,1,0,1,0,0,0,0,0.33727750000071,70,70,8240,3,2,4,0,0,0,0.101666666666667,0,0,0.235,1,138,1,x,30,2
4,138,12,12,6,1,5,0.799974100000327,1,0,1,0,0,0,0,0.296131799999785,0,0,8240,1,1,4,0,0,0,0,0,0.101666666666667,0.193333333333333,1,138,1,x,30,2
4,139,13,13,3,1,5,0.833237000000736,1,0,1,0,0,0,0,0.41850919999888,70,70,8310,3,2,4,0,0,0.103333333333333,0.0616666666666667,0,0,0.255,1,138,1,x,30,2
4,140,14,14,3,4,2,0.833297300001504,1,0,1,0,0,0,0,0.286083699998926,50,50,8360,5,3,4,0,0,0.101666666666667,0,0,0,0.185,1,138,1,x,30,2
4,141,15,15,6,2,4,0.833311899999899,1,0,1,0,0,0,0,0.295863699999245,0,0,8360,1,1,4,0,0,0,0,0,0.101666666666667,0.195,1,138,1,x,30,2
4,142,16,16,4,2,6,0.799979900000835,1,0,1,0,0,0,0,0.336765699999887,50,50,8410,5,3,4,0,0,0,0.101666666666667,0,0,0.235,1,138,1,x,30,2
4,143,17,17,6,4,2,0.799956799999563,1,0,1,0,0,0,0,0.306045100000119,70,70,8480,3,2,4,0,0,0,0,0,0.101666666666667,0.205,1,138,1,x,30,2
4,144,18,18,2,4,6,0.866637099999934,1,0,1,0,0,0,0,0.306284100000994,70,70,8550,3,2,4,0,0.101666666666667,0,0,0,0,0.205,1,138,1,x,30,2
4,145,19,19,4,3,5,0.799973299999692,1,0,1,0,0,1,0,0.745089199999711,50,50,8600,5,3,4,0,0,0.408333333333333,0.101666666666667,0,0,0.235,1,138,1,x,30,2
4,146,20,20,6,1,5,0.799988499999017,1,0,1,0,0,1,0,0.377897000000303,100,100,8700,4,2,4,0.0933333333333333,0,0,0,0,0.101666666666667,0.183333333333333,1,138,1,x,30,2
4,147,21,21,6,1,5,0.799974999999904,1,0,1,0,0,0,0,0.306356600000072,50,50,8750,5,3,4,0,0,0,0,0,0.101666666666667,0.205,1,138,1,x,30,2
4,148,22,22,6,1,5,0.799968299999819,1,0,1,0,0,0,0,0.275576599999113,100,100,8850,2,1,4,0,0,0,0,0,0.101666666666667,0.173333333333333,1,138,1,x,30,2
4,149,23,23,6,5,1,0.799961799999437,1,0,1,0,0,0,0,0.245010599999659,100,100,8950,4,2,4,0,0,0,0,0,0.101666666666667,0.143333333333333,1,138,1,x,30,2
4,150,24,24,1,2,6,0.800129799999922,1,0,1,0,0,1,0,0.357508299999608,0,0,8950,1,1,4,0.101666666666667,0.0516666666666667,0,0,0,0,0.203333333333333,1,138,1,x,30,2
4,151,25,25,5,4,6,0.800201500000185,1,0,1,0,0,0,0,0.347391699999207,0,0,8950,1,1,4,0,0,0,0,0.101666666666667,0,0.245,1,138,1,x,30,2
4,152,26,26,5,3,1,0.799962399998549,1,0,1,0,0,0,0,0.337088700000095,70,70,9020,3,2,4,0,0,0,0,0.101666666666667,0,0.235,1,138,1,x,30,2
4,153,27,27,4,2,6,0.800081200000932,1,0,1,0,0,0,0,0.418708699999115,100,100,9120,2,1,4,0,0,0,0.101666666666667,0.0916666666666667,0,0.225,1,138,1,x,30,2
4,154,28,28,5,1,3,0.799955500000578,1,0,1,0,0,0,0,0.316598600000361,50,50,9170,6,3,4,0,0,0,0,0.103333333333333,0,0.213333333333333,1,138,1,x,30,2
4,155,29,29,6,1,5,0.799959199999648,1,0,1,0,0,0,1,0.357601300000169,50,50,9220,6,3,4,0,0,0,0,0.0516666666666667,0.101666666666667,0.203333333333333,1,138,1,x,30,2
4,156,30,30,6,4,2,0.799970899999607,1,0,1,0,0,0,0,0.275830599999608,50,50,9270,6,3,4,0,0,0,0,0,0.101666666666667,0.173333333333333,1,138,1,x,30,2
4,157,31,31,2,4,6,0.799978600000031,1,0,1,0,0,0,1,0.337032099998396,100,100,9370,2,1,4,0,0.103333333333333,0,0,0,0.0816666666666667,0.151666666666667,1,138,1,x,30,2
4,158,32,32,6,1,5,0.833288200001334,1,0,1,0,0,0,1,0.346760700000232,100,100,9470,4,2,4,0,0,0,0,0.0816666666666667,0.101666666666667,0.161666666666667,1,138,1,x,30,2
4,159,33,33,2,3,1,0.799941499999477,1,0,1,0,0,0,1,0.31642550000106,100,100,9570,2,1,4,0.01,0.101666666666667,0,0,0,0.0616666666666667,0.141666666666667,1,138,1,x,30,2
4,160,34,34,2,4,6,0.799969200001215,1,0,1,0,0,0,0,0.296098999999231,0,0,9570,1,1,4,0.171666666666667,0.101666666666667,0,0,0,0,0.0233333333333333,1,138,1,x,30,2
4,161,35,35,6,2,4,0.83330659999956,1,0,1,0,0,0,0,0.306424999998853,100,100,9670,4,2,4,0,0,0,0,0,0.101666666666667,0.205,1,138,1,x,30,2
4,162,36,36,3,5,1,0.799971000000369,1,0,1,0,0,0,0,0.448816000000079,50,50,9720,5,3,4,0,0.141666666666667,0.103333333333333,0,0,0,0.205,1,138,1,x,30,2
4,163,37,37,2,3,1,0.799970100000792,1,0,1,0,0,0,0,0.305971300000238,100,100,9820,4,2,4,0,0.101666666666667,0,0,0,0.05,0.155,1,138,1,x,30,2
4,164,38,38,5,4,6,0.799973399998635,1,0,1,0,0,0,1,0.347184299998844,100,100,9920,2,1,4,0,0,0,0,0.101666666666667,0.0816666666666667,0.163333333333333,1,138,1,x,30,2
4,165,39,39,2,4,6,0.799977000000581,1,0,1,0,0,0,0,0.286001300000862,70,70,9990,3,2,4,0,0.103333333333333,0,0,0,0,0.183333333333333,1,138,1,x,30,2
4,166,40,40,5,3,1,0.799959899999521,1,0,1,0,0,0,0,0.510326800000257,100,100,10090,2,1,4,0,0,0,0,0.101666666666667,0,0.408333333333333,1,138,1,x,30,2
4,167,41,41,5,3,1,0.799965500000326,1,0,1,0,0,1,0,0.388251200000013,70,70,10160,3,2,4,0,0,0.0516666666666667,0,0.101666666666667,0,0.235,1,138,1,x,30,2
4,168,42,42,5,1,3,0.799921499999982,1,0,1,0,0,0,0,0.296251700001449,50,50,10210,6,3,4,0,0,0,0,0.103333333333333,0,0.193333333333333,1,138,1,x,30,2
5,169,1,1,2,4,6,0.800018800000544,1,0,1,0,0,1,0,0.408255799999097,70,70,10280,3,2,4,0,0.103333333333333,0,0.06,0,0,0.245,1,138,1,x,30,2
5,170,2,2,1,6,2,0.799985900001047,1,0,1,0,0,0,0,0.285631999999168,100,100,10380,2,1,4,0.101666666666667,0,0,0,0,0,0.183333333333333,1,138,1,x,30,2
5,171,3,3,6,4,2,0.800005099999908,1,0,1,0,0,0,0,0.316287800000282,0,0,10380,1,1,4,0.213333333333333,0,0,0,0,0.101666666666667,0,1,138,1,x,30,2
5,172,4,4,6,1,5,0.799918599999728,1,0,1,0,0,1,0,0.285694199999853,50,50,10430,5,3,4,0.01,0,0,0,0,0.101666666666667,0.173333333333333,1,138,1,x,30,2
5,173,5,5,2,6,4,0.799862736932482,1,0,1,0,0,0,0,0.357151199999862,100,100,10530,2,1,4,0.203333333333333,0.103333333333333,0,0,0,0,0.05,1,138,1,x,30,2
5,174,6,6,1,5,3,0.799978099999862,1,0,1,0,0,0,0,0.296173000000636,0,0,10530,1,1,4,0.101666666666667,0,0,0,0,0,0.195,1,138,1,x,30,2
5,175,7,7,1,5,3,0.799955899999986,1,0,1,0,0,0,0,0.255554299999858,100,100,10630,2,1,4,0.103333333333333,0,0,0,0,0,0.151666666666667,1,138,1,x,30,2
5,176,8,8,5,3,1,0.79997689999982,1,0,1,0,0,0,1,0.37792250000166,100,100,10730,4,2,4,0.256666666666667,0,0,0,0.101666666666667,0,0.02,1,138,1,x,30,2
5,177,9,9,5,4,6,0.800037599999996,1,0,1,0,0,0,0,0.306226300001072,50,50,10780,5,3,4,0,0,0,0,0.101666666666667,0,0.205,1,138,1,x,30,2
5,178,10,10,6,4,2,0.799974699999439,1,0,1,0,0,0,0,0.316385599999194,70,70,10850,3,2,4,0.111666666666667,0,0,0,0,0.101666666666667,0.103333333333333,1,138,1,x,30,2
5,179,11,11,3,1,5,0.799978600000031,1,0,1,0,0,0,0,0.398033000001305,0,0,10850,1,1,4,0,0,0.101666666666667,0,0,0,0.296666666666667,1,138,1,x,30,2
5,180,12,12,5,6,4,0.799969400000919,1,0,1,0,0,1,0,0.336635300000125,50,50,10900,6,3,4,0.0616666666666667,0,0,0,0.101666666666667,0.01,0.163333333333333,1,138,1,x,30,2
5,181,13,13,3,2,4,0.79999879999923,1,0,1,0,0,0,0,0.316070200000468,50,50,10950,5,3,4,0,0,0.103333333333333,0,0,0,0.213333333333333,1,138,1,x,30,2
5,182,14,14,1,5,3,0.799969199999396,1,0,1,0,0,0,0,0.296016399999644,50,50,11000,6,3,4,0.103333333333333,0,0,0,0,0,0.193333333333333,1,138,1,x,30,2
5,183,15,15,3,4,2,0.799975399999312,1,0,1,0,0,0,0,0.316396399999576,100,100,11100,4,2,4,0,0,0.101666666666667,0,0,0,0.215,1,138,1,x,30,2
5,184,16,16,5,4,6,0.799986500000159,1,0,1,0,0,0,1,0.31450870000117,50,50,11150,5,3,4,0,0,0,0,0.101666666666667,0.01,0.203333333333333,1,138,1,x,30,2
5,185,17,17,1,5,3,0.799990600000456,1,0,1,0,0,0,0,0.285895799999707,100,100,11250,4,2,4,0.101666666666667,0,0,0,0,0,0.183333333333333,1,138,1,x,30,2
5,186,18,18,1,3,5,0.799988499999017,1,0,1,0,0,0,0,0.265644999999495,50,50,11300,6,3,4,0.101666666666667,0,0,0,0,0,0.163333333333333,1,138,1,x,30,2
5,187,19,19,5,4,6,0.800005500001134,1,0,1,0,0,0,1,0.336979899999278,70,70,11370,3,2,4,0.215,0,0,0,0.101666666666667,0.01,0.01,1,138,1,x,30,2
5,188,20,20,5,3,1,0.799975400001131,1,0,1,0,0,0,0,0.31659000000036,70,70,11440,3,2,4,0,0,0,0,0.103333333333333,0,0.213333333333333,1,138,1,x,30,2
5,189,21,21,6,1,5,0.799975100000665,1,0,1,0,0,0,0,0.418592799998805,0,0,11440,1,1,4,0,0,0,0,0,0.103333333333333,0.315,1,138,1,x,30,2
5,190,22,22,6,1,5,0.799970899999607,1,0,1,0,0,0,0,0.285773400000835,100,100,11540,4,2,4,0,0,0,0,0,0.101666666666667,0.183333333333333,1,138,1,x,30,2
5,191,23,23,3,4,2,0.799972999999227,1,0,1,0,0,0,0,0.346986500000639,70,70,11610,3,2,4,0,0,0.103333333333333,0,0,0.0716666666666667,0.171666666666667,1,138,1,x,30,2
5,192,24,24,1,2,6,0.833269500000824,1,0,1,0,0,0,1,0.337030799999411,100,100,11710,2,1,4,0.103333333333333,0,0,0,0,0.0716666666666667,0.161666666666667,1,138,1,x,30,2
5,193,25,25,3,4,2,0.83331779999935,1,0,1,0,0,0,0,0.336898499999734,50,50,11760,5,3,4,0.01,0,0.103333333333333,0,0,0,0.225,1,138,1,x,30,2
5,194,26,26,2,6,4,0.799969300000157,1,0,1,0,0,0,0,0.316284700000324,50,50,11810,6,3,4,0.203333333333333,0.101666666666667,0,0,0,0,0.01,1,138,1,x,30,2
5,195,27,27,2,1,3,0.79994650000117,1,0,1,0,0,0,0,0.296241100000771,0,0,11810,1,1,4,0,0.101666666666667,0,0,0,0,0.195,1,138,1,x,30,2
5,196,28,28,5,3,1,0.799977599999693,1,0,1,0,0,0,0,0.347130400001333,50,50,11860,5,3,4,0,0,0,0,0.101666666666667,0,0.245,1,138,1,x,30,2
5,197,29,29,1,2,6,0.799974900000961,1,0,1,0,0,0,0,0.286065500000404,50,50,11910,6,3,4,0.103333333333333,0,0,0,0,0,0.183333333333333,1,138,1,x,30,2
5,198,30,30,6,4,2,0.799966200000199,1,0,1,0,0,0,0,0.255715400000554,0,0,11910,1,1,4,0,0,0,0,0,0.103333333333333,0.153333333333333,1,138,1,x,30,2
5,199,31,31,4,5,3,0.799964100000579,1,0,1,0,1,0,0,1.32694909999918,70,0,11910,3,2,4,0,0.111666666666667,0,0.11,0,0,1.105,1,138,1,x,30,2
5,200,32,32,2,3,1,0.799939700000323,1,0,1,0,0,0,1,0.347039299998869,50,50,11960,6,3,4,0.0616666666666667,0.101666666666667,0,0,0,0,0.183333333333333,1,138,1,x,30,2
5,201,33,33,5,1,3,0.799969300000157,1,0,1,0,0,0,0,0.336712500000431,100,100,12060,2,1,4,0,0,0,0,0.101666666666667,0.01,0.225,1,138,1,x,30,2
5,202,34,34,2,1,3,0.799971399999777,1,0,1,0,0,0,0,0.306220000000394,100,100,12160,4,2,4,0,0.103333333333333,0,0,0,0,0.203333333333333,1,138,1,x,30,2
5,203,35,35,4,3,5,0.799960399999691,1,0,1,0,0,0,0,0.326731000001018,100,100,12260,4,2,4,0,0,0,0.101666666666667,0,0,0.225,1,138,1,x,30,2
5,204,36,36,3,1,5,0.799980800000412,1,0,1,0,0,0,0,0.327078600001187,0,0,12260,1,1,4,0,0,0.101666666666667,0,0,0,0.225,1,138,1,x,30,2
5,205,37,37,4,6,2,0.799981999998636,1,0,1,0,0,0,0,0.326625599998806,70,70,12330,3,2,4,0,0,0,0.103333333333333,0,0,0.223333333333333,1,138,1,x,30,2
5,206,38,38,6,5,1,0.79996089999986,1,0,1,0,0,0,0,0.316319500001555,100,100,12430,2,1,4,0,0,0,0,0,0.103333333333333,0.213333333333333,1,138,1,x,30,2
5,207,39,39,4,3,5,0.799966500000664,1,0,1,0,0,1,0,0.38780399999996,100,100,12530,4,2,4,0,0,0.0616666666666667,0.101666666666667,0,0,0.223333333333333,1,138,1,x,30,2
5,208,40,40,3,4,2,0.799977900000158,1,0,1,0,0,0,0,0.347121200000402,50,50,12580,6,3,4,0,0,0.101666666666667,0,0,0,0.245,1,138,1,x,30,2
5,209,41,41,5,4,6,0.799999200000457,1,0,1,0,0,0,0,0.306362899998931,50,50,12630,5,3,4,0,0,0,0,0.101666666666667,0,0.203333333333333,1,138,1,x,30,2
5,210,42,42,6,5,1,0.79999239999961,1,0,1,0,0,0,0,0.306248400000186,100,100,12730,2,1,4,0,0,0,0,0,0.101666666666667,0.203333333333333,1,138,1,x,30,2
6,211,1,1,6,5,1,0.800007300000289,1,0,1,0,0,0,0,0.275594299999284,100,100,12830,4,2,4,0,0,0,0,0,0.103333333333333,0.173333333333333,1,138,1,x,30,2
6,212,2,2,6,2,4,0.799978600000031,1,0,1,0,0,0,0,0.316485600000306,100,100,12930,2,1,4,0,0,0,0,0,0.101666666666667,0.215,1,138,1,x,30,2
6,213,3,3,6,1,5,0.799943500000154,1,0,1,0,0,0,0,0.296161100000973,100,100,13030,2,1,4,0,0,0,0,0,0.103333333333333,0.193333333333333,1,138,1,x,30,2
6,214,4,4,1,5,3,0.799973799999862,1,0,1,0,0,0,0,0.377710800001296,100,100,13130,4,2,4,0.103333333333333,0.05,0,0,0,0.195,0.03,1,138,1,x,30,2
6,215,5,5,1,2,6,0.799986099998932,1,0,1,0,0,0,0,0.112528799998472,100,100,13230,4,2,4,0.101666666666667,0,0,0,0,0,0.01,1,138,1,x,30,2
6,216,6,6,5,1,3,0.799977200000285,1,0,1,0,0,1,0,0.428585499999826,0,0,13230,1,1,4,0.245,0,0,0,0.101666666666667,0.0616666666666667,0.02,1,138,1,x,30,2
6,217,7,7,1,2,6,0.799964600000749,1,0,1,0,0,0,0,0.30612740000106,50,50,13280,6,3,4,0.103333333333333,0,0,0,0.193333333333333,0,0.01,1,138,1,x,30,2
6,218,8,8,1,5,3,0.800015599999824,1,0,1,0,0,0,0,0.347325299999284,50,50,13330,6,3,4,0.101666666666667,0,0,0,0,0,0.245,1,138,1,x,30,2
6,219,9,9,5,3,1,0.799959199999648,1,0,1,0,0,0,1,0.387854900000093,50,50,13380,6,3,4,0.203333333333333,0,0,0,0.101666666666667,0,0.0833333333333333,1,138,1,x,30,2
6,220,10,10,2,1,3,0.799947600000451,1,0,1,0,0,1,0,0.326694600000337,0,0,13380,1,1,4,0.01,0.103333333333333,0,0,0,0,0.213333333333333,1,138,1,x,30,2
6,221,11,11,3,4,2,0.800011899998935,1,0,1,0,0,0,0,0.337068000000727,0,0,13380,1,1,4,0,0,0.101666666666667,0,0,0,0.235,1,138,1,x,30,2
6,222,12,12,5,6,4,0.799917000000278,1,0,1,0,0,0,0,0.285887299998649,50,50,13430,6,3,4,0,0,0,0,0.101666666666667,0,0.183333333333333,1,138,1,x,30,2
6,223,13,13,6,1,5,0.799987399999736,1,0,1,0,0,0,0,0.316509000000224,100,100,13530,2,1,4,0,0,0,0,0,0.101666666666667,0.213333333333333,1,138,1,x,30,2
6,224,14,14,2,4,6,0.800024399999529,1,0,1,0,0,0,0,0.30631319999884,50,50,13580,6,3,4,0,0.101666666666667,0,0,0,0,0.203333333333333,1,138,1,x,30,2
6,225,15,15,2,3,1,0.799973400000454,1,0,1,0,0,0,0,0.306346600000325,100,100,13680,2,1,4,0,0.101666666666667,0,0,0,0,0.203333333333333,1,138,1,x,30,2
6,226,16,16,2,6,4,0.79996360000041,1,0,1,0,0,0,0,0.316499300000942,100,100,13780,2,1,4,0,0.101666666666667,0,0,0,0,0.213333333333333,1,138,1,x,30,2
6,227,17,17,6,4,2,0.799972000000707,1,0,1,0,0,0,0,0.265298599999369,100,100,13880,4,2,4,0,0,0,0,0,0.103333333333333,0.161666666666667,1,138,1,x,30,2
6,228,18,18,1,6,2,0.83330659999956,1,0,1,0,0,0,0,0.286017500000526,0,0,13880,1,1,4,0.101666666666667,0,0,0,0,0,0.183333333333333,1,138,1,x,30,2
6,229,19,19,2,6,4,0.799989400000413,1,0,1,0,0,0,0,0.316453299999921,50,50,13930,5,3,4,0.0516666666666667,0.101666666666667,0,0,0,0,0.161666666666667,1,138,1,x,30,2
6,230,20,20,2,1,3,1.09996609999871,1,0,1,0,0,0,0,0.27553110000008,100,100,14030,2,1,4,0,0.101666666666667,0,0,0,0,0.175,1,138,1,x,30,2
6,231,21,21,5,4,6,0.799965100000918,1,0,1,0,0,0,0,0.326696899999661,50,50,14080,5,3,4,0,0,0,0,0.101666666666667,0,0.225,1,138,1,x,30,2
6,232,22,22,1,3,5,0.799974300000031,1,0,1,0,0,0,0,0.285790500000076,100,100,14180,4,2,4,0.103333333333333,0,0,0,0,0,0.183333333333333,1,138,1,x,30,2
6,233,23,23,5,6,4,0.799978500001089,1,0,1,0,0,0,0,0.29624530000001,50,50,14230,5,3,4,0,0,0,0,0.101666666666667,0,0.195,1,138,1,x,30,2
6,234,24,24,6,5,1,0.799979999999778,1,0,1,0,0,1,0,0.388161200000468,100,100,14330,4,2,4,0,0,0,0,0.0933333333333333,0.101666666666667,0.193333333333333,1,138,1,x,30,2
6,235,25,25,2,6,4,0.799973600000158,1,0,1,0,0,0,0,0.306401499999993,70,70,14400,3,2,4,0.09,0.103333333333333,0,0,0,0,0.113333333333333,1,138,1,x,30,2
6,236,26,26,3,4,2,0.799975199999608,1,0,1,0,0,0,0,0.347447099999044,50,50,14450,5,3,4,0,0,0.101666666666667,0,0,0,0.245,1,138,1,x,30,2
6,237,27,27,4,3,5,0.800008700000035,1,0,1,0,0,1,0,0.469408999999359,50,50,14500,5,3,4,0,0,0.141666666666667,0.101666666666667,0,0,0.226666666666667,1,138,1,x,30,2
6,238,28,28,6,5,1,0.799974499999735,1,0,1,0,0,0,0,0.286136500000794,50,50,14550,6,3,4,0,0,0,0,0,0.101666666666667,0.183333333333333,1,138,1,x,30,2
6,239,29,29,6,2,4,0.799965500000326,1,0,1,0,0,0,0,0.285789699999441,70,70,14620,3,2,4,0,0,0,0,0,0.101666666666667,0.183333333333333,1,138,1,x,30,2
6,240,30,30,2,3,1,0.79998279999927,1,0,1,0,0,0,0,0.296318599999722,70,70,14690,3,2,4,0,0.103333333333333,0,0,0,0,0.193333333333333,1,138,1,x,30,2
6,241,31,31,3,2,4,0.799988400000075,1,0,1,0,0,0,0,0.367638100000477,70,70,14760,3,2,4,0,0,0.101666666666667,0,0,0,0.265,1,138,1,x,30,2
6,242,32,32,5,3,1,0.799965100000918,1,0,1,0,0,0,0,0.337216699999772,0,0,14760,1,1,4,0,0,0,0,0.101666666666667,0.0116666666666667,0.223333333333333,1,138,1,x,30,2
6,243,33,33,4,6,2,0.799951700000747,1,0,1,0,0,0,0,0.347378399999798,50,50,14810,6,3,4,0,0,0,0.101666666666667,0,0,0.245,1,138,1,x,30,2
6,244,34,34,3,5,1,0.799973600000158,1,0,1,0,0,0,0,0.327019000000291,100,100,14910,4,2,4,0,0,0.103333333333333,0,0,0,0.223333333333333,1,138,1,x,30,2
6,245,35,35,1,2,6,0.833310099998926,1,0,1,0,0,0,0,0.296246599998994,50,50,14960,5,3,4,0.101666666666667,0,0,0,0,0,0.195,1,138,1,x,30,2
6,246,36,36,4,6,2,0.799978500001089,1,0,1,0,0,0,0,0.357418900000994,100,100,15060,2,1,4,0,0,0,0.101666666666667,0.0716666666666667,0,0.183333333333333,1,138,1,x,30,2
6,247,37,37,5,3,1,0.83329699999922,1,0,1,0,0,1,0,0.357371599999169,70,70,15130,3,2,4,0,0,0.01,0.01,0.101666666666667,0,0.235,1,138,1,x,30,2
6,248,38,38,1,2,6,0.799971200000073,1,0,1,0,0,0,0,0.306331399999181,70,70,15200,3,2,4,0.101666666666667,0,0,0,0,0,0.205,1,138,1,x,30,2
6,249,39,39,5,4,6,0.833309600000575,1,0,1,0,0,0,0,0.295751400000881,0,0,15200,1,1,4,0,0,0,0,0.101666666666667,0,0.195,1,138,1,x,30,2
6,250,40,40,6,1,5,0.799977200000285,1,0,1,0,0,1,0,0.357253700000001,0,0,15200,1,1,4,0.06,0,0,0,0,0.103333333333333,0.195,1,138,1,x,30,2
6,251,41,41,4,5,3,0.79994810000062,1,0,1,0,0,0,0,0.347018100001151,50,50,15250,5,3,4,0,0,0,0.101666666666667,0,0.235,0.01,1,138,1,x,30,2
6,252,42,42,6,2,4,0.799972200000411,1,0,1,0,0,0,0,0.296267099998659,70,70,15320,3,2,4,0,0,0,0,0,0.101666666666667,0.195,1,138,1,x,30,2
7,253,1,1,3,1,5,0.799989799999821,1,0,1,0,0,1,0,0.510266100000081,70,70,15390,3,2,4,0.175,0,0.101666666666667,0.0716666666666667,0,0,0.161666666666667,1,138,1,x,30,2
7,254,2,2,3,5,1,0.800001999999949,1,0,1,0,0,0,0,0.306612799999129,70,70,15460,3,2,4,0,0,0.103333333333333,0,0,0,0.203333333333333,1,138,1,x,30,2
7,255,3,3,3,5,1,0.799898999999641,1,0,1,0,0,0,0,0.275639400000728,50,50,15510,5,3,4,0,0,0.101666666666667,0,0,0,0.173333333333333,1,138,1,x,30,2
7,256,4,4,5,6,4,0.799967400000241,1,0,1,0,0,0,0,0.469746899998427,50,50,15560,6,3,4,0.141666666666667,0,0,0,0.101666666666667,0,0.225,1,138,1,x,30,2
7,257,5,5,5,6,4,0.799978200000623,1,0,1,0,0,1,0,0.469391600001472,70,70,15630,3,2,4,0,0,0,0,0.101666666666667,0.153333333333333,0.213333333333333,1,138,1,x,30,2
7,258,6,6,4,2,6,0.79996089999986,1,0,1,0,1,0,0,1.05149410000013,50,0,15630,6,3,4,0,0,0,0.101666666666667,0.0516666666666667,0,0.896666666666667,1,138,1,x,30,2
7,259,7,7,4,3,5,0.799964300000283,1,0,1,0,0,0,0,0.326989299999696,50,50,15680,5,3,4,0,0,0,0.103333333333333,0,0,0.223333333333333,1,138,1,x,30,2
7,260,8,8,3,5,1,0.833320699999604,1,0,1,0,0,1,0,0.449413899999854,100,100,15780,2,1,4,0,0,0.101666666666667,0,0.02,0,0.326666666666667,1,138,1,x,30,2
7,261,9,9,5,3,1,0.833256900001288,1,0,1,0,0,1,0,0.377872000000934,50,50,15830,5,3,4,0,0,0.04,0,0.103333333333333,0,0.235,1,138,1,x,30,2
7,262,10,10,3,4,2,0.833299900001293,1,0,1,0,0,1,0,0.357310100000177,100,100,15930,4,2,4,0,0,0.103333333333333,0.0416666666666667,0,0,0.213333333333333,1,138,1,x,30,2
7,263,11,11,5,4,6,0.799881700000697,1,0,1,0,0,0,0,0.295930700000099,0,0,15930,1,1,4,0,0,0,0,0.101666666666667,0,0.195,1,138,1,x,30,2
7,264,12,12,2,4,6,0.799968699999226,1,0,1,0,0,0,0,0.377388200000496,70,70,16000,3,2,4,0,0.103333333333333,0.06,0,0,0,0.215,1,138,1,x,30,2
7,265,13,13,4,6,2,0.800099899999623,1,0,1,0,0,0,0,0.37760420000086,0,0,16000,1,1,4,0,0,0,0.103333333333333,0.04,0,0.235,1,138,1,x,30,2
7,266,14,14,1,3,5,0.799956499999098,1,0,1,0,0,0,0,0.316576799999893,100,100,16100,4,2,4,0.101666666666667,0,0,0,0,0,0.215,1,138,1,x,30,2
7,267,15,15,4,2,6,0.799966699998549,1,0,1,0,0,0,0,0.367420800001128,70,70,16170,3,2,4,0,0,0,0.101666666666667,0,0,0.266666666666667,1,138,1,x,30,2
7,268,16,16,5,1,3,0.799979400000666,1,0,1,0,0,0,0,0.296043399999689,0,0,16170,1,1,4,0,0,0,0,0.101666666666667,0,0.195,1,138,1,x,30,2
7,269,17,17,5,3,1,0.799992500000371,1,0,1,0,0,0,0,0.285701299999346,100,100,16270,2,1,4,0,0,0,0,0.101666666666667,0,0.183333333333333,1,138,1,x,30,2
7,270,18,18,2,6,4,0.799957199998971,1,0,1,0,0,0,0,0.326512499999808,70,70,16340,3,2,4,0,0.101666666666667,0,0,0,0,0.225,1,138,1,x,30,2
7,271,19,19,1,3,5,0.799939299999096,1,0,1,0,0,0,0,0.306200699998953,100,100,16440,2,1,4,0.103333333333333,0,0,0,0,0,0.203333333333333,1,138,1,x,30,2
7,272,20,20,2,4,6,0.799935499999265,1,0,1,0,0,0,0,0.336573500000668,100,100,16540,2,1,4,0.04,0.103333333333333,0,0,0,0,0.193333333333333,1,138,1,x,30,2
7,273,21,21,6,2,4,0.799961600001552,1,0,1,0,0,0,0,0.347314799999367,50,50,16590,6,3,4,0.0816666666666667,0,0,0,0,0.101666666666667,0.163333333333333,1,138,1,x,30,2
7,274,22,22,6,1,5,0.799991800000498,1,0,1,0,0,0,0,0.295973000000231,50,50,16640,5,3,4,0,0,0,0,0,0.101666666666667,0.193333333333333,1,138,1,x,30,2
7,275,23,23,6,5,1,0.800054200000886,1,0,1,0,0,0,0,0.265492200000153,100,100,16740,2,1,4,0,0,0,0,0,0.101666666666667,0.163333333333333,1,138,1,x,30,2
7,276,24,24,5,4,6,0.799973900000623,1,0,1,0,0,0,1,0.367515899999489,50,50,16790,6,3,4,0,0,0,0,0.101666666666667,0.01,0.255,1,138,1,x,30,2
7,277,25,25,5,1,3,1.29997449999973,1,0,1,0,0,0,0,0.295939800000269,100,100,16890,4,2,4,0,0,0,0,0.101666666666667,0,0.193333333333333,1,138,1,x,30,2
7,278,26,26,4,5,3,0.799990999999864,1,0,1,0,0,1,0,0.438945400001103,50,50,16940,6,3,4,0,0,0,0.101666666666667,0.153333333333333,0,0.183333333333333,1,138,1,x,30,2
7,279,27,27,1,5,3,0.799936700001126,1,0,1,0,0,0,0,0.326656999999614,100,100,17040,4,2,4,0.101666666666667,0,0,0,0,0,0.223333333333333,1,138,1,x,30,2
7,280,28,28,2,1,3,0.800002300000415,1,0,1,0,0,0,0,0.316463700000895,100,100,17140,4,2,4,0,0.101666666666667,0,0,0,0,0.213333333333333,1,138,1,x,30,2
7,281,29,29,1,3,5,0.799969299998338,1,0,1,0,0,0,0,0.275701000000481,50,50,17190,6,3,4,0.103333333333333,0,0,0,0,0,0.171666666666667,1,138,1,x,30,2
7,282,30,30,2,1,3,0.799973299999692,1,0,1,0,0,0,0,0.306057099998725,50,50,17240,6,3,4,0,0.101666666666667,0,0,0,0,0.205,1,138,1,x,30,2
7,283,31,31,3,5,1,0.799954399999478,1,0,1,0,0,0,0,0.326704400000381,0,0,17240,1,1,4,0,0,0.101666666666667,0,0,0,0.225,1,138,1,x,30,2
7,284,32,32,1,3,5,0.799949099999139,1,0,1,0,0,0,0,0.316505400000096,100,100,17340,4,2,4,0.101666666666667,0,0,0,0,0,0.215,1,138,1,x,30,2
7,285,33,33,5,4,6,0.7999693999991,1,0,1,0,0,0,0,0.336742199999208,0,0,17340,1,1,4,0.02,0,0,0,0.101666666666667,0,0.215,1,138,1,x,30,2
7,286,34,34,2,3,1,0.799982000000455,1,0,1,0,0,0,0,0.316442200000893,0,0,17340,1,1,4,0,0.101666666666667,0,0,0,0,0.215,1,138,1,x,30,2
7,287,35,35,6,2,4,0.799976300000708,1,0,1,0,0,0,0,0.357327599998825,50,50,17390,5,3,4,0.0616666666666667,0,0,0,0,0.101666666666667,0.193333333333333,1,138,1,x,30,2
7,288,36,36,4,2,6,0.799987799999144,1,0,1,0,1,1,0,0.806813499999407,70,0,17390,3,2,4,0,0.0416666666666667,0,0.101666666666667,0,0,0.663333333333334,1,138,1,x,30,2
7,289,37,37,2,4,6,0.799979899999016,1,0,1,0,0,0,0,0.316467899998315,50,50,17440,5,3,4,0,0.103333333333333,0,0,0,0,0.213333333333333,1,138,1,x,30,2
7,290,38,38,4,3,5,0.799975399999312,1,0,1,0,0,0,0,0.327077500000087,100,100,17540,2,1,4,0,0,0,0.101666666666667,0,0,0.225,1,138,1,x,30,2
7,291,39,39,4,2,6,0.799959400001171,1,0,1,0,0,0,0,0.296042699999816,100,100,17640,2,1,4,0,0,0,0.103333333333333,0,0,0.193333333333333,1,138,1,x,30,2
7,292,40,40,4,2,6,0.799991699999737,1,0,1,0,0,0,0,0.306453499999407,100,100,17740,4,2,4,0,0,0,0.103333333333333,0,0,0.203333333333333,1,138,1,x,30,2
7,293,41,41,3,1,5,0.799974499999735,1,0,1,0,0,1,0,0.316677900000286,50,50,17790,5,3,4,0.133333333333333,0,0.103333333333333,0,0,0,0.08,1,138,1,x,30,2
7,294,42,42,5,4,6,0.799985499999821,1,0,1,0,0,0,0,0.285852799999702,0,0,17790,1,1,4,0,0,0,0,0.101666666666667,0,0.183333333333333,1,138,1,x,30,2
8,295,1,1,2,3,1,0.800020499998936,1,0,1,0,0,1,0,0.36719710000034,50,50,17840,6,3,4,0,0.103333333333333,0.07,0,0,0,0.195,1,138,1,x,30,2
8,296,2,2,4,6,2,0.799967000000834,1,0,1,0,0,1,0,0.377390999999989,50,50,17890,5,3,4,0,0,0,0.103333333333333,0,0.01,0.265,1,138,1,x,30,2
8,297,3,3,3,4,2,0.799909499999558,1,0,1,0,0,0,1,0.346924900000886,100,100,17990,4,2,4,0.213333333333333,0.02,0.101666666666667,0,0,0,0.0116666666666667,1,138,1,x,30,2
8,298,4,4,5,4,6,0.799981000000116,1,0,1,0,0,0,0,0.316469399998823,100,100,18090,4,2,4,0,0,0,0,0.101666666666667,0,0.215,1,138,1,x,30,2
8,299,5,5,5,1,3,0.799983399998382,1,0,1,0,0,0,0,0.296127499999784,70,70,18160,3,2,4,0,0,0,0,0.101666666666667,0,0.195,1,138,1,x,30,2
8,300,6,6,6,5,1,0.799966299999141,1,0,1,0,0,1,0,0.418713099999877,0,0,18160,1,1,4,0,0,0,0,0.101666666666667,0.101666666666667,0.215,1,138,1,x,30,2
8,301,7,7,3,4,2,0.799965600001087,1,0,1,0,0,0,0,0.326779000000897,50,50,18210,5,3,4,0,0,0.101666666666667,0,0,0,0.225,1,138,1,x,30,2
8,302,8,8,3,5,1,0.79999669999961,1,0,1,0,0,0,0,0.316355799999656,0,0,18210,1,1,4,0,0,0.101666666666667,0,0,0,0.215,1,138,1,x,30,2
8,303,9,9,3,4,2,0.799967499999184,1,0,1,0,0,0,0,0.296210399999836,70,70,18280,3,2,4,0,0,0.103333333333333,0,0,0,0.193333333333333,1,138,1,x,30,2
8,304,10,10,4,5,3,0.799974100000327,1,0,1,0,0,0,1,0.367550400000255,0,0,18280,1,1,4,0,0,0.0416666666666667,0.101666666666667,0,0,0.223333333333333,1,138,1,x,30,2
8,305,11,11,6,1,5,0.799985200001174,1,0,1,0,0,0,0,0.296115299999656,50,50,18330,6,3,4,0,0,0,0,0,0.103333333333333,0.193333333333333,1,138,1,x,30,2
8,306,12,12,2,3,1,0.799945599999774,1,0,1,0,0,0,0,0.296078900000794,100,100,18430,2,1,4,0,0.101666666666667,0,0,0,0,0.193333333333333,1,138,1,x,30,2
8,307,13,13,6,2,4,0.800000100000034,1,0,1,0,0,0,0,0.296053000000029,100,100,18530,4,2,4,0,0,0,0,0,0.101666666666667,0.193333333333333,1,138,1,x,30,2
8,308,14,14,5,1,3,0.799959700001637,1,0,1,0,0,0,0,0.428450100000191,100,100,18630,2,1,4,0,0,0,0,0.101666666666667,0.141666666666667,0.185,1,138,1,x,30,2
8,309,15,15,1,6,2,0.799967999999353,1,0,1,0,0,1,0,0.367417299999943,0,0,18630,1,1,4,0.101666666666667,0,0,0,0,0.0816666666666667,0.183333333333333,1,138,1,x,30,2
8,310,16,16,4,3,5,0.799981699999989,1,0,1,0,0,1,0,0.754777000000104,50,50,18680,5,3,4,0,0,0.101666666666667,0.101666666666667,0,0,0.55,1,138,1,x,30,2
8,311,17,17,2,3,1,0.799992899999779,1,0,1,0,0,1,0,0.418565699999817,70,70,18750,3,2,4,0,0.103333333333333,0.0816666666666667,0,0,0,0.233333333333333,1,138,1,x,30,2
8,312,18,18,5,6,4,0.833299599999009,1,0,1,0,0,0,0,0.296505799999068,70,70,18820,3,2,4,0,0,0,0,0.101666666666667,0,0.195,1,138,1,x,30,2
8,313,19,19,6,2,4,0.799971999998888,1,0,1,0,0,0,0,0.377567599998656,100,100,18920,2,1,4,0.02,0,0,0,0,0.101666666666667,0.255,1,138,1,x,30,2
8,314,20,20,4,6,2,0.799954000000071,1,0,1,0,0,0,0,0.337315500000841,50,50,18970,6,3,4,0,0,0,0.103333333333333,0,0,0.235,1,138,1,x,30,2
8,315,21,21,1,5,3,0.833303999999771,1,0,1,0,0,0,0,0.357437700000446,50,50,19020,6,3,4,0.103333333333333,0,0,0,0,0.0616666666666667,0.193333333333333,1,138,1,x,30,2
8,316,22,22,5,6,4,0.799970699999903,1,0,1,0,0,1,0,0.377383900000495,100,100,19120,4,2,4,0,0,0,0,0.103333333333333,0.07,0.205,1,138,1,x,30,2
8,317,23,23,5,4,6,0.799938899999688,1,0,1,0,0,0,0,0.306530899999416,100,100,19220,2,1,4,0,0,0,0,0.101666666666667,0,0.205,1,138,1,x,30,2
8,318,24,24,5,3,1,0.799871000001076,1,0,1,0,0,0,0,0.296703399999387,50,50,19270,6,3,4,0,0,0,0,0.101666666666667,0,0.195,1,138,1,x,30,2
8,319,25,25,1,2,6,0.8666374000004,1,0,1,0,0,0,0,0.265396999999211,0,0,19270,1,1,4,0.101666666666667,0,0,0,0,0,0.163333333333333,1,138,1,x,30,2
8,320,26,26,2,6,4,0.799971699998423,1,0,1,0,0,0,0,0.377643400001034,70,70,19340,3,2,4,0.111666666666667,0.101666666666667,0,0,0,0,0.163333333333333,1,138,1,x,30,2
8,321,27,27,2,6,4,0.79996570000003,1,0,1,0,0,0,0,0.316418399999748,50,50,19390,5,3,4,0,0.101666666666667,0,0,0,0,0.215,1,138,1,x,30,2
8,322,28,28,6,1,5,0.799962900000537,1,0,1,0,0,0,0,0.286017499998707,100,100,19490,2,1,4,0,0,0,0,0,0.101666666666667,0.183333333333333,1,138,1,x,30,2
8,323,29,29,2,6,4,0.799978299999566,1,0,1,0,0,0,0,0.3267010999989,100,100,19590,2,1,4,0,0.103333333333333,0,0,0,0,0.223333333333333,1,138,1,x,30,2
8,324,30,30,1,3,5,0.799968499999522,1,0,1,0,0,0,0,0.326780100000178,100,100,19690,4,2,4,0.101666666666667,0,0,0,0,0,0.225,1,138,1,x,30,2
8,325,31,31,6,1,5,0.799999099999695,1,0,1,0,0,0,0,0.326914400000533,0,0,19690,1,1,4,0,0,0,0,0,0.101666666666667,0.225,1,138,1,x,30,2
8,326,32,32,1,6,2,0.799994900000456,1,0,1,0,0,0,0,0.296334399999978,50,50,19740,5,3,4,0.103333333333333,0,0,0,0,0,0.193333333333333,1,138,1,x,30,2
8,327,33,33,5,4,6,0.799957100000029,1,0,1,0,0,0,1,0.336930800000118,100,100,19840,2,1,4,0,0,0,0,0.101666666666667,0.01,0.225,1,138,1,x,30,2
8,328,34,34,5,3,1,0.800017800000205,1,0,1,0,0,0,0,0.326173499999641,100,100,19940,4,2,4,0,0,0,0,0.101666666666667,0,0.223333333333333,1,138,1,x,30,2
8,329,35,35,1,3,5,0.866628800000399,1,0,1,0,0,0,0,0.295911800001704,50,50,19990,6,3,4,0.101666666666667,0,0,0,0,0,0.193333333333333,1,138,1,x,30,2
8,330,36,36,6,4,2,0.79995240000062,1,0,1,0,0,0,0,0.306098300001395,50,50,20040,6,3,4,0.203333333333333,0,0,0,0,0.101666666666667,0,1,138,1,x,30,2
8,331,37,37,3,5,1,0.799981600001047,1,0,1,0,0,0,1,0.377688900000066,0,0,20040,1,1,4,0.165,0,0.101666666666667,0,0,0,0.11,1,138,1,x,30,2
8,332,38,38,1,6,2,0.799951900000451,1,0,1,0,0,0,0,0.296331499999724,50,50,20090,5,3,4,0.101666666666667,0,0,0,0,0,0.195,1,138,1,x,30,2
8,333,39,39,2,3,1,0.799969899999269,1,0,1,0,0,0,1,0.28588099999979,100,100,20190,4,2,4,0.185,0.101666666666667,0,0,0,0,0,1,138,1,x,30,2
8,334,40,40,2,6,4,0.833301000000574,1,0,1,0,0,0,0,0.295775500000673,70,70,20260,3,2,4,0,0.101666666666667,0,0,0,0,0.195,1,138,1,x,30,2
8,335,41,41,2,6,4,0.799965400001383,1,0,1,0,0,0,0,0.286189300000842,50,50,20310,5,3,4,0,0.101666666666667,0,0,0,0,0.185,1,138,1,x,30,2
8,336,42,42,3,2,4,0.799979800000074,1,0,1,0,0,1,0,0.367482400000881,70,70,20380,3,2,4,0,0.0816666666666667,0.101666666666667,0,0,0,0.183333333333333,1,138,1,x,30,2
1,1,1,1,5,6,4,0.899924900000769,1,0,1,0,0,1,0,0.51076810000086,100,100,20480,4,2,4,0.0616666666666667,0,0,0,0.101666666666667,0.173333333333333,0.173333333333333,2,138,1,x,30,2
1,2,2,2,6,5,1,0.799968399998761,1,0,1,0,0,0,0,0.326594099999056,70,70,20550,3,2,4,0,0,0,0,0,0.103333333333333,0.223333333333333,2,138,1,x,30,2
1,3,3,3,2,1,3,0.799949600001128,1,0,1,0,0,0,0,0.336431400000947,50,50,20600,5,3,4,0,0.1,0,0,0,0,0.235,2,138,1,x,30,2
1,4,4,4,2,4,6,0.800046599999405,1,0,1,0,0,0,0,0.306259900000441,50,50,20650,5,3,4,0,0.101666666666667,0,0,0,0,0.203333333333333,2,138,1,x,30,2
1,5,5,5,1,5,3,0.799990600000456,1,0,1,0,0,0,0,0.316139500000645,50,50,20700,5,3,4,0.101666666666667,0,0,0,0,0,0.213333333333333,2,138,1,x,30,2
1,6,6,6,4,6,2,0.799964400001045,1,0,1,0,0,0,0,0.37763730000006,100,100,20800,4,2,4,0.233333333333333,0,0,0.101666666666667,0,0,0.0416666666666667,2,138,1,x,30,2
1,7,7,7,5,6,4,0.800025100001221,1,0,1,0,0,0,0,0.347200199999861,50,50,20850,6,3,4,0,0,0,0,0.101666666666667,0,0.245,2,138,1,x,30,2
1,8,8,8,6,1,5,0.799941100000069,1,0,1,0,0,0,0,0.286126800001512,0,0,20850,1,1,4,0,0,0,0,0,0.101666666666667,0.183333333333333,2,138,1,x,30,2
1,9,9,9,4,2,6,0.800006400000711,1,0,1,0,1,1,0,0.847232600001007,50,0,20850,7,1,2,0.165,0.101666666666667,0,0.111666666666667,0,0,0.47,2,138,1,x,30,2
1,10,10,10,6,1,5,0.833294799998839,1,0,1,0,0,0,0,0.285941999998613,100,100,20950,2,1,4,0,0,0,0,0,0.101666666666667,0.185,2,138,1,x,30,2
1,11,11,11,5,3,1,0.799992199999906,1,0,1,0,0,0,0,0.357474500000535,100,100,21050,2,1,4,0,0,0,0,0.101666666666667,0.0716666666666667,0.183333333333333,2,138,1,x,30,2
1,12,12,12,6,2,4,0.833317100001295,0.92,0,1,0,0,0,0,0.357285799998863,50,50,21100,7,1,2,0,0,0,0,0.06,0.103333333333333,0.195,2,138,1,x,30,2
1,13,13,13,3,2,4,0.833305299998756,1,0,1,0,0,0,1,0.418635899999572,50,50,21150,6,3,4,0,0,0.101666666666667,0.01,0,0,0.306666666666667,2,138,1,x,30,2
1,14,14,14,5,1,3,0.799973999999565,1,0,1,0,0,0,0,0.326839700001074,50,50,21200,5,3,4,0,0,0,0,0.101666666666667,0,0.225,2,138,1,x,30,2
1,15,15,15,1,5,3,0.799980499999947,1,0,1,0,0,0,0,0.316416499999832,50,50,21250,8,1,3,0.101666666666667,0,0,0,0,0,0.215,2,138,1,x,30,2
1,16,16,16,4,2,6,0.799969300000157,1,0,1,0,0,0,0,0.316433199999665,50,50,21300,6,3,4,0,0,0,0.101666666666667,0,0,0.215,2,138,1,x,30,2
1,17,17,17,2,3,1,0.799967799999649,1,0,1,0,0,1,0,0.387706100000287,0,0,21300,1,1,4,0,0.103333333333333,0.07,0,0,0,0.215,2,138,1,x,30,2
1,18,18,18,6,2,4,0.799978699998974,1,0,1,0,0,0,0,0.296137199999066,0,0,21300,1,1,4,0,0,0,0,0,0.103333333333333,0.193333333333333,2,138,1,x,30,2
1,19,19,19,5,6,4,0.799979499999608,1,0,1,0,0,1,0,0.34689889999936,100,100,21400,4,2,4,0.215,0,0,0,0.101666666666667,0.01,0.02,2,138,1,x,30,2
1,20,20,20,3,2,4,0.799951599999986,1,0,1,0,0,0,0,0.326943000000028,0,0,21400,1,1,4,0,0,0.101666666666667,0,0,0,0.225,2,138,1,x,30,2
1,21,21,21,5,3,1,0.799958399999014,1,0,1,0,0,0,0,0.316694899998765,50,50,21450,9,2,3,0,0,0,0,0.101666666666667,0,0.215,2,138,1,x,30,2
1,22,22,22,4,5,3,0.800031900000249,1,0,1,0,1,1,0,1.03105499999947,70,0,21450,3,2,4,0,0,0,0.11,0.0716666666666667,0,0.848333333333334,2,138,1,x,30,2
1,23,23,23,3,1,5,0.79998279999927,1,0,1,0,0,1,0,0.418467499999679,50,50,21500,5,3,4,0.0616666666666667,0.01,0.103333333333333,0,0,0,0.243333333333333,2,138,1,x,30,2
1,24,24,24,1,3,5,0.79991439999867,1,0,1,0,0,0,0,0.326763799999753,70,70,21570,3,2,4,0.103333333333333,0,0,0,0,0,0.223333333333333,2,138,1,x,30,2
1,25,25,25,2,4,6,0.799977700000454,1,0,1,0,0,0,0,0.306158699999287,70,70,21640,3,2,4,0,0.101666666666667,0,0,0,0,0.203333333333333,2,138,1,x,30,2
1,26,26,26,1,3,5,0.833330200001001,1,0,1,0,0,0,0,0.275751199998922,0,0,21640,1,1,4,0.101666666666667,0,0,0,0,0,0.173333333333333,2,138,1,x,30,2
1,27,27,27,4,3,5,0.799969899999269,1,0,1,0,0,0,0,0.377719699999943,0,0,21640,1,1,4,0,0,0,0.101666666666667,0,0,0.275,2,138,1,x,30,2
1,28,28,28,6,1,5,0.799987999998848,1,0,1,0,0,0,0,0.306292900000699,50,50,21690,6,3,4,0,0,0,0,0,0.101666666666667,0.203333333333333,2,138,1,x,30,2
1,29,29,29,6,1,5,0.799959399999352,1,0,1,0,0,0,0,0.316709099999571,100,100,21790,4,2,4,0,0,0,0,0,0.101666666666667,0.215,2,138,1,x,30,2
1,30,30,30,3,1,5,0.83329909999884,1,0,1,0,0,0,0,0.3568905000011,50,50,21840,6,3,4,0,0,0.101666666666667,0,0,0,0.255,2,138,1,x,30,2
1,31,31,31,4,2,6,0.799969099998634,1,0,1,0,0,0,0,0.36752880000131,100,100,21940,4,2,4,0,0,0,0.103333333333333,0,0,0.265,2,138,1,x,30,2
1,32,32,32,3,1,5,0.799940799999604,1,0,1,0,0,0,0,0.275632500000938,100,100,22040,4,2,4,0,0,0.103333333333333,0,0,0,0.173333333333333,2,138,1,x,30,2
1,33,33,33,4,2,6,0.799971099999311,1,0,1,0,0,0,0,0.346988499999497,50,50,22090,9,2,3,0,0,0.01,0.101666666666667,0,0,0.235,2,138,1,x,30,2
1,34,34,34,1,5,3,0.799970100000792,1,0,1,0,0,0,0,0.306306200000108,70,70,22160,3,2,4,0.101666666666667,0,0,0,0,0,0.205,2,138,1,x,30,2
1,35,35,35,3,2,4,0.799979699999312,1,0,1,0,0,1,0,0.357095699999263,100,100,22260,2,1,4,0.01,0.01,0.101666666666667,0,0,0,0.235,2,138,1,x,30,2
1,36,36,36,1,2,6,0.799971599999481,1,0,1,0,0,0,0,0.316812499999287,50,50,22310,6,3,4,0.101666666666667,0,0,0,0,0,0.215,2,138,1,x,30,2
1,37,37,37,1,3,5,0.899966500001028,1,0,1,0,0,0,0,0.265484999999899,100,100,22410,2,1,4,0.101666666666667,0,0,0,0,0,0.163333333333333,2,138,1,x,30,2
1,38,38,38,3,4,2,0.79996299999948,1,0,1,0,0,0,0,0.306554299999334,100,100,22510,2,1,4,0,0,0.103333333333333,0,0,0,0.203333333333333,2,138,1,x,30,2
1,39,39,39,4,3,5,0.79994970000007,1,0,1,0,0,1,0,0.408533899999384,50,50,22560,8,1,3,0.203333333333333,0,0.0916666666666667,0.101666666666667,0,0,0.0116666666666667,2,138,1,x,30,2
1,40,40,40,3,4,2,0.800030000000334,1,0,1,0,0,0,0,0.316807600000175,100,100,22660,2,1,4,0,0,0.101666666666667,0,0,0,0.215,2,138,1,x,30,2
1,41,41,41,2,3,1,0.866651500000444,1,0,1,0,0,0,1,0.316520200000014,50,50,22710,5,3,4,0.203333333333333,0.103333333333333,0,0,0,0,0.01,2,138,1,x,30,2
1,42,42,42,3,1,5,0.799986099998932,1,0,1,0,0,0,0,0.306347600000663,70,70,22780,3,2,4,0,0,0.101666666666667,0,0,0,0.203333333333333,2,138,1,x,30,2
2,43,1,1,3,1,5,0.799995700001091,1,0,1,0,0,0,0,0.306226999999126,100,100,22880,2,1,4,0,0,0.101666666666667,0,0,0,0.205,2,138,1,x,30,2
2,44,2,2,5,6,4,0.800005699999019,1,0,1,0,0,0,0,0.388132699999915,0,0,22880,1,1,4,0,0,0.0516666666666667,0,0.101666666666667,0,0.235,2,138,1,x,30,2
2,45,3,3,1,3,5,0.800000299999738,1,0,1,0,0,0,0,0.306332199999815,50,50,22930,6,3,4,0.101666666666667,0,0,0,0,0,0.205,2,138,1,x,30,2
2,46,4,4,4,5,3,0.799969400000919,1,0,1,0,0,1,0,0.36778509999931,0,0,22930,1,1,4,0,0,0,0.101666666666667,0.0833333333333333,0,0.183333333333333,2,138,1,x,30,2
2,47,5,5,2,4,6,0.799976300000708,1,0,1,0,0,0,0,0.388012100000196,50,50,22980,6,3,4,0,0.101666666666667,0.0716666666666667,0,0,0,0.215,2,138,1,x,30,2
2,48,6,6,6,2,4,0.799975300000369,1,0,1,0,0,0,0,0.357435300000361,50,50,23030,7,1,2,0.06,0,0,0,0,0.103333333333333,0.195,2,138,1,x,30,2
2,49,7,7,6,4,2,0.799973400000454,1,0,1,0,0,0,0,0.337237099998674,70,70,23100,3,2,4,0,0,0,0,0.04,0.101666666666667,0.195,2,138,1,x,30,2
2,50,8,8,3,4,2,0.79996729999948,1,0,1,0,0,0,1,0.51006149999921,50,50,23150,5,3,4,0,0.01,0.101666666666667,0,0,0,0.398333333333333,2,138,1,x,30,2
2,51,9,9,3,2,4,0.799972599999819,1,0,1,0,0,1,0,0.367710000000443,0,0,23150,1,1,4,0,0.04,0.101666666666667,0,0,0,0.225,2,138,1,x,30,2
2,52,10,10,2,4,6,0.799972800001342,1,0,1,0,0,0,0,0.316546099998959,100,100,23250,2,1,4,0,0.101666666666667,0,0,0,0,0.215,2,138,1,x,30,2
2,53,11,11,6,2,4,0.799969700001384,1,0,1,0,0,0,0,0.296203999998397,100,100,23350,4,2,4,0,0,0,0,0,0.103333333333333,0.193333333333333,2,138,1,x,30,2
2,54,12,12,5,1,3,0.799999099999695,1,0,1,0,0,1,0,0.367769399999816,70,70,23420,3,2,4,0.255,0,0,0,0.101666666666667,0,0.01,2,138,1,x,30,2
2,55,13,13,1,6,2,0.79994330000045,1,0,1,0,0,0,0,0.295889999999417,50,50,23470,5,3,4,0.101666666666667,0,0,0,0,0,0.193333333333333,2,138,1,x,30,2
2,56,14,14,4,3,5,0.800006199999189,1,0,1,0,0,0,0,0.336818799998582,50,50,23520,8,1,3,0,0,0,0.101666666666667,0,0,0.235,2,138,1,x,30,2
2,57,15,15,6,1,5,0.799999799999568,1,0,1,0,0,0,0,0.285794399998849,50,50,23570,6,3,4,0,0,0,0,0,0.101666666666667,0.183333333333333,2,138,1,x,30,2
2,58,16,16,3,2,4,0.799984600000244,1,0,1,0,0,1,0,0.52060640000127,100,100,23670,4,2,4,0,0.195,0.101666666666667,0,0,0,0.223333333333333,2,138,1,x,30,2
2,59,17,17,3,2,4,0.799983499999144,1,0,1,0,0,0,0,0.336926799998764,70,70,23740,3,2,4,0,0,0.103333333333333,0,0,0,0.233333333333333,2,138,1,x,30,2
2,60,18,18,4,6,2,0.799977300001046,1,0,1,0,0,0,0,0.326643200000035,50,50,23790,9,2,3,0,0,0,0.101666666666667,0,0,0.223333333333333,2,138,1,x,30,2
2,61,19,19,3,4,2,0.800015399998301,1,0,1,0,0,0,0,0.306554700000561,50,50,23840,9,2,3,0,0,0.101666666666667,0,0,0,0.203333333333333,2,138,1,x,30,2
2,62,20,20,1,5,3,0.800015200000416,1,0,1,0,0,0,0,0.285943599999882,100,100,23940,4,2,4,0.101666666666667,0,0,0,0,0,0.183333333333333,2,138,1,x,30,2
2,63,21,21,5,6,4,0.799978299999566,1,0,1,0,0,0,1,0.388181800000893,70,70,24010,3,2,4,0,0,0,0.0516666666666667,0.101666666666667,0,0.233333333333333,2,138,1,x,30,2
2,64,22,22,5,6,4,0.833306000000448,1,0,1,0,0,1,0,0.785896299999877,50,50,24060,5,3,4,0.0716666666666667,0,0,0,0.101666666666667,0.01,0.603333333333334,2,138,1,x,30,2
2,65,23,23,4,2,6,0.799974699999439,1,0,1,0,0,0,0,0.357219900000928,50,50,24110,6,3,4,0,0,0,0.103333333333333,0,0,0.255,2,138,1,x,30,2
2,66,24,24,4,2,6,0.799986899999567,1,0,1,0,0,0,0,0.316355700000713,100,100,24210,4,2,4,0,0,0,0.101666666666667,0,0,0.215,2,138,1,x,30,2
2,67,25,25,3,2,4,0.799968600000284,1,0,1,0,0,0,1,0.39811759999975,100,100,24310,2,1,4,0,0,0.101666666666667,0.0916666666666667,0,0,0.205,2,138,1,x,30,2
2,68,26,26,3,5,1,0.799974999999904,1,0,1,0,0,1,0,0.316397900000084,0,0,24310,1,1,4,0,0,0.103333333333333,0,0.0316666666666667,0,0.181666666666667,2,138,1,x,30,2
2,69,27,27,5,1,3,0.799994900000456,1,0,1,0,0,0,0,0.3058817000001,100,100,24410,4,2,4,0,0,0,0,0.103333333333333,0,0.203333333333333,2,138,1,x,30,2
2,70,28,28,4,6,2,0.799983099999736,1,0,1,0,0,0,0,0.316070200000468,100,100,24510,2,1,4,0,0,0,0.101666666666667,0,0,0.215,2,138,1,x,30,2
2,71,29,29,5,4,6,0.799957500001256,1,0,1,0,0,0,0,0.296252500000264,50,50,24560,5,3,4,0,0,0,0,0.103333333333333,0,0.193333333333333,2,138,1,x,30,2
2,72,30,30,4,2,6,0.799972900000284,1,0,1,0,0,0,0,0.326670099999319,100,100,24660,2,1,4,0,0,0,0.103333333333333,0,0,0.223333333333333,2,138,1,x,30,2
2,73,31,31,6,1,5,0.799973599998339,1,0,1,0,0,1,0,0.357123399999182,0,0,24660,1,1,4,0.0616666666666667,0,0,0,0,0.101666666666667,0.193333333333333,2,138,1,x,30,2
2,74,32,32,3,5,1,0.799970899999607,1,0,1,0,0,0,0,0.296014400000786,50,50,24710,5,3,4,0,0,0.101666666666667,0,0,0,0.193333333333333,2,138,1,x,30,2
2,75,33,33,2,6,4,0.800025900000037,1,0,1,0,0,0,0,0.336806100000103,100,100,24810,4,2,4,0,0.101666666666667,0,0,0,0,0.235,2,138,1,x,30,2
2,76,34,34,4,2,6,0.799954299998717,1,0,1,0,0,0,0,0.31660600000032,50,50,24860,6,3,4,0,0,0,0.101666666666667,0,0,0.213333333333333,2,138,1,x,30,2
2,77,35,35,1,2,6,0.799965100000918,1,0,1,0,0,0,0,0.326725000000806,70,70,24930,3,2,4,0.103333333333333,0,0,0,0,0,0.223333333333333,2,138,1,x,30,2
2,78,36,36,6,4,2,0.800003799999104,1,0,1,0,0,0,0,0.295762900001137,100,100,25030,2,1,4,0,0,0,0,0,0.101666666666667,0.193333333333333,2,138,1,x,30,2
2,79,37,37,2,4,6,0.799968900000749,1,0,1,0,0,0,0,0.296147200000632,70,70,25100,3,2,4,0,0.101666666666667,0,0,0,0,0.193333333333333,2,138,1,x,30,2
2,80,38,38,6,1,5,0.799940999999308,1,0,1,0,0,0,0,0.30612999999903,50,50,25150,8,1,3,0,0,0,0,0,0.101666666666667,0.203333333333333,2,138,1,x,30,2
2,81,39,39,5,3,1,0.799971899999946,1,0,1,0,0,0,0,0.449467700000241,50,50,25200,7,1,2,0,0,0,0,0.101666666666667,0.153333333333333,0.195,2,138,1,x,30,2
2,82,40,40,4,5,3,0.833302799999728,1,0,1,0,0,0,0,0.347237500000119,50,50,25250,6,3,4,0,0,0,0.101666666666667,0,0,0.245,2,138,1,x,30,2
2,83,41,41,5,1,3,0.799953199999436,1,0,1,0,0,0,0,0.296354699999938,50,50,25300,5,3,4,0,0,0,0,0.101666666666667,0,0.195,2,138,1,x,30,2
2,84,42,42,1,3,5,0.833298199999263,1,0,1,0,0,0,0,0.31637629999932,0,0,25300,1,1,4,0.101666666666667,0,0,0,0,0.01,0.205,2,138,1,x,30,2
3,85,1,1,4,3,5,0.799975199999608,1,0,1,0,0,1,0,0.765289900000425,50,50,25350,6,3,4,0,0,0.0716666666666667,0.103333333333333,0,0,0.59,2,138,1,x,30,2
3,86,2,2,6,1,5,0.800027199999022,1,0,1,0,0,1,0,0.407960300000923,100,100,25450,2,1,4,0.101666666666667,0,0,0,0,0.103333333333333,0.203333333333333,2,138,1,x,30,2
3,87,3,3,1,5,3,0.799993900000118,1,0,1,0,0,0,0,0.367401199999222,100,100,25550,2,1,4,0.101666666666667,0,0,0,0,0.0716666666666667,0.193333333333333,2,138,1,x,30,2
3,88,4,4,2,1,3,0.799956900000325,1,0,1,0,0,1,0,0.418986099999529,0,0,25550,1,1,4,0.0933333333333333,0.101666666666667,0,0,0,0,0.223333333333333,2,138,1,x,30,2
3,89,5,5,3,4,2,0.799975800000539,1,0,1,0,0,0,0,0.306346200000917,100,100,25650,4,2,4,0,0,0.101666666666667,0,0,0,0.203333333333333,2,138,1,x,30,2
3,90,6,6,2,6,4,0.799965399999564,1,0,1,0,0,0,0,0.28567159999875,50,50,25700,5,3,4,0,0.101666666666667,0,0,0,0,0.183333333333333,2,138,1,x,30,2
3,91,7,7,4,3,5,0.799960599999395,1,0,1,0,1,1,0,0.960034699999596,70,0,25700,3,2,4,0,0,0.0716666666666667,0.103333333333333,0,0,0.785000000000001,2,138,1,x,30,2
3,92,8,8,2,1,3,0.799978299999566,1,0,1,0,0,1,0,0.336976600001435,0,0,25700,1,1,4,0.05,0.103333333333333,0,0,0,0,0.183333333333333,2,138,1,x,30,2
3,93,9,9,4,6,2,0.79996840000058,1,0,1,0,0,0,0,0.316597200000615,100,100,25800,2,1,4,0,0,0,0.103333333333333,0,0,0.213333333333333,2,138,1,x,30,2
3,94,10,10,6,1,5,0.799938099999054,1,0,1,0,0,0,0,0.326944599999479,50,50,25850,6,3,4,0,0,0,0,0,0.103333333333333,0.223333333333333,2,138,1,x,30,2
3,95,11,11,1,5,3,0.799904100000276,1,0,1,0,0,0,0,0.327007299998513,70,70,25920,3,2,4,0.103333333333333,0,0,0,0,0,0.223333333333333,2,138,1,x,30,2
3,96,12,12,2,1,3,0.799983200000497,1,0,1,0,0,0,0,0.30632549999973,50,50,25970,7,1,2,0,0.101666666666667,0,0,0,0,0.203333333333333,2,138,1,x,30,2
3,97,13,13,1,2,6,0.833304100000532,1,0,1,0,0,0,0,0.306591100001242,50,50,26020,5,3,4,0.101666666666667,0,0,0,0,0,0.205,2,138,1,x,30,2
3,98,14,14,4,3,5,0.799968299999819,1,0,1,0,0,0,0,0.346954699998605,0,0,26020,1,1,4,0.215,0,0,0.101666666666667,0,0,0.03,2,138,1,x,30,2
3,99,15,15,5,1,3,0.799935299999561,1,0,1,0,0,0,0,0.316623900000195,50,50,26070,5,3,4,0,0,0,0,0.101666666666667,0.01,0.205,2,138,1,x,30,2
3,100,16,16,3,4,2,0.799865628219777,1,0,1,0,0,0,0,0.316746799999237,100,100,26170,2,1,4,0,0,0.101666666666667,0,0,0,0.215,2,138,1,x,30,2
3,101,17,17,3,2,4,0.79997960000037,1,0,1,0,0,0,0,0.306201699999292,0,0,26170,1,1,4,0,0,0.101666666666667,0,0,0,0.205,2,138,1,x,30,2
3,102,18,18,1,5,3,0.799969299998338,1,0,1,0,0,0,0,0.306297900000573,100,100,26270,2,1,4,0.101666666666667,0,0,0,0,0,0.205,2,138,1,x,30,2
3,103,19,19,2,3,1,0.799971200000073,1,0,1,0,0,0,0,0.336914999999863,70,70,26340,3,2,4,0,0.101666666666667,0,0,0,0,0.235,2,138,1,x,30,2
3,104,20,20,2,4,6,0.899970699998448,1,0,1,0,0,0,0,0.285890500001187,70,70,26410,3,2,4,0,0.101666666666667,0,0,0,0,0.183333333333333,2,138,1,x,30,2
3,105,21,21,4,6,2,0.79997320000075,1,0,1,0,0,0,0,0.357500799998888,100,100,26510,4,2,4,0,0,0,0.101666666666667,0,0,0.255,2,138,1,x,30,2
3,106,22,22,2,3,1,0.799958600000537,1,0,1,0,0,0,0,0.286087099999349,50,50,26560,9,2,3,0,0.103333333333333,0,0,0,0,0.183333333333333,2,138,1,x,30,2
3,107,23,23,2,4,6,0.799972900000284,1,0,1,0,0,0,0,0.28600600000027,50,50,26610,7,1,2,0,0.101666666666667,0,0,0,0,0.183333333333333,2,138,1,x,30,2
3,108,24,24,2,3,1,0.799998899999991,1,0,1,0,0,0,0,0.275885199998811,50,50,26660,8,1,3,0,0.101666666666667,0,0,0,0,0.173333333333333,2,138,1,x,30,2
3,109,25,25,3,4,2,0.800033499999699,1,0,1,0,0,0,0,0.336880199998632,50,50,26710,5,3,4,0,0,0.103333333333333,0,0,0,0.233333333333333,2,138,1,x,30,2
3,110,26,26,1,2,6,0.799935299999561,1,0,1,0,0,0,0,0.306547199999841,50,50,26760,6,3,4,0.101666666666667,0,0,0,0,0,0.203333333333333,2,138,1,x,30,2
3,111,27,27,2,3,1,0.799846300000354,1,0,1,0,0,0,0,0.306242100001327,50,50,26810,6,3,4,0,0.101666666666667,0,0,0,0,0.203333333333333,2,138,1,x,30,2
3,112,28,28,2,3,1,0.799975800000539,1,0,1,0,0,0,0,0.275704800000312,50,50,26860,8,1,3,0,0.101666666666667,0,0,0,0,0.173333333333333,2,138,1,x,30,2
3,113,29,29,1,6,2,0.799973099999988,1,0,1,0,0,0,0,0.306450399999449,0,0,26860,1,1,4,0.101666666666667,0,0,0,0,0,0.203333333333333,2,138,1,x,30,2
3,114,30,30,4,5,3,0.799960800000918,1,0,1,0,0,0,0,0.337035399999877,100,100,26960,4,2,4,0,0,0,0.101666666666667,0,0,0.235,2,138,1,x,30,2
3,115,31,31,1,6,2,0.833296700000574,1,0,1,0,0,0,0,0.284929500001454,50,50,27010,5,3,4,0.101666666666667,0,0,0,0,0,0.181666666666667,2,138,1,x,30,2
3,116,32,32,1,5,3,0.833308499999475,1,0,1,0,0,0,0,0.255408299999544,100,100,27110,2,1,4,0.103333333333333,0,0,0,0,0,0.153333333333333,2,138,1,x,30,2
3,117,33,33,5,3,1,0.799965500000326,1,0,1,0,0,0,0,0.337020900000425,70,70,27180,3,2,4,0,0,0,0,0.103333333333333,0,0.235,2,138,1,x,30,2
3,118,34,34,4,2,6,0.899971699998787,1,0,1,0,0,0,0,0.663781100000051,100,100,27280,4,2,4,0,0,0,0.101666666666667,0,0,0.561666666666667,2,138,1,x,30,2
3,119,35,35,1,3,5,0.799975699999777,1,0,1,0,0,0,0,0.336713599999712,70,70,27350,3,2,4,0.101666666666667,0.01,0,0,0,0,0.225,2,138,1,x,30,2
3,120,36,36,3,2,4,0.799967200000538,1,0,1,0,0,0,0,0.336650799999916,100,100,27450,4,2,4,0,0,0.101666666666667,0,0,0,0.235,2,138,1,x,30,2
3,121,37,37,4,2,6,0.799968100000115,1,0,1,0,0,0,1,0.78561880000052,50,50,27500,9,2,3,0,0,0,0.101666666666667,0,0.245,0.438333333333334,2,138,1,x,30,2
3,122,38,38,3,1,5,0.80007680000017,1,0,1,0,0,0,0,0.296323900000061,50,50,27550,5,3,4,0,0,0.103333333333333,0,0,0,0.193333333333333,2,138,1,x,30,2
3,123,39,39,1,2,6,0.899972900000648,0.925925925925926,0,1,0,0,0,0,0.28597069999887,50,50,27600,6,3,4,0.103333333333333,0,0,0,0,0,0.183333333333333,2,138,1,x,30,2
3,124,40,40,5,6,4,0.800053499999194,1,0,1,0,0,0,0,0.316484899998613,0,0,27600,1,1,4,0,0,0,0,0.103333333333333,0,0.213333333333333,2,138,1,x,30,2
3,125,41,41,2,4,6,0.79998599999999,1,0,1,0,0,0,0,0.418619000000035,50,50,27650,6,3,4,0,0.101666666666667,0,0,0,0,0.316666666666667,2,138,1,x,30,2
3,126,42,42,1,6,2,0.799991800000498,1,0,1,0,0,0,0,0.316491899999164,100,100,27750,4,2,4,0.103333333333333,0,0,0,0,0,0.213333333333333,2,138,1,x,30,2
4,127,1,1,6,4,2,0.799933399999645,1,0,1,0,0,0,0,0.306362000001172,100,100,27850,4,2,4,0,0,0,0,0,0.101666666666667,0.203333333333333,2,138,1,x,30,2
4,128,2,2,1,6,2,0.799955200000113,1,0,1,0,0,0,0,0.285909399999582,100,100,27950,2,1,4,0.101666666666667,0,0,0,0,0,0.185,2,138,1,x,30,2
4,129,3,3,3,4,2,0.799960399999691,1,0,1,0,0,0,0,0.316490499999418,50,50,28000,6,3,4,0,0,0.101666666666667,0,0,0,0.213333333333333,2,138,1,x,30,2
4,130,4,4,6,1,5,0.833371999999144,1,0,1,0,0,0,0,0.275951400000849,100,100,28100,2,1,4,0,0,0,0,0,0.101666666666667,0.175,2,138,1,x,30,2
4,131,5,5,5,6,4,0.799971799999184,1,0,1,0,0,1,0,0.683972900000299,50,50,28150,9,2,3,0,0,0,0,0.103333333333333,0.366666666666667,0.215,2,138,1,x,30,2
4,132,6,6,6,1,5,0.799985400000878,1,0,1,0,0,0,0,0.286188399999446,100,100,28250,4,2,4,0,0,0,0,0,0.101666666666667,0.185,2,138,1,x,30,2
4,133,7,7,6,2,4,0.799980300000243,1,0,1,0,0,0,0,0.326797799998531,50,50,28300,6,3,4,0,0,0,0,0,0.101666666666667,0.225,2,138,1,x,30,2
4,134,8,8,1,2,6,0.799992899999779,1,0,1,0,0,0,0,0.306094299998222,100,100,28400,2,1,4,0.101666666666667,0,0,0,0,0,0.205,2,138,1,x,30,2
4,135,9,9,6,2,4,0.799973800001681,1,0,1,0,0,0,0,0.326585799999521,50,50,28450,8,1,3,0.0616666666666667,0,0,0,0,0.101666666666667,0.163333333333333,2,138,1,x,30,2
4,136,10,10,3,4,2,0.79996889999893,1,0,1,0,0,0,0,0.326890899999853,100,100,28550,4,2,4,0,0,0.101666666666667,0,0,0,0.225,2,138,1,x,30,2
4,137,11,11,6,4,2,0.799995900000795,1,0,1,0,0,0,0,0.30636720000075,100,100,28650,2,1,4,0,0,0,0,0,0.103333333333333,0.203333333333333,2,138,1,x,30,2
4,138,12,12,1,5,3,0.799969200001215,1,0,1,0,0,0,0,0.316718000000037,70,70,28720,3,2,4,0.101666666666667,0,0,0,0,0,0.215,2,138,1,x,30,2
4,139,13,13,3,4,2,0.799998700000287,1,0,1,0,0,0,1,0.37792189999891,50,50,28770,5,3,4,0.0816666666666667,0.01,0.103333333333333,0,0,0,0.183333333333333,2,138,1,x,30,2
4,140,14,14,1,3,5,0.800019100001009,1,0,1,0,0,0,0,0.336855499999729,0,0,28770,1,1,4,0.101666666666667,0,0,0,0,0,0.235,2,138,1,x,30,2
4,141,15,15,3,5,1,0.799998200000118,1,0,1,0,0,0,0,0.347135300000446,50,50,28820,5,3,4,0,0,0.101666666666667,0,0,0,0.245,2,138,1,x,30,2
4,142,16,16,5,4,6,0.799964499999987,1,0,1,0,0,0,0,0.336896999999226,50,50,28870,6,3,4,0,0,0,0,0.101666666666667,0,0.235,2,138,1,x,30,2
4,143,17,17,2,6,4,0.799958899999183,1,0,1,0,0,0,0,0.296102099999189,0,0,28870,1,1,4,0,0.101666666666667,0,0,0,0,0.193333333333333,2,138,1,x,30,2
4,144,18,18,2,1,3,0.799974499999735,1,0,1,0,0,0,0,0.306344600001466,50,50,28920,6,3,4,0,0.101666666666667,0,0,0,0,0.203333333333333,2,138,1,x,30,2
4,145,19,19,2,3,1,0.799981000000116,1,0,1,0,0,1,0,0.439570500000627,50,50,28970,6,3,4,0,0.101666666666667,0.143333333333333,0,0,0,0.193333333333333,2,138,1,x,30,2
4,146,20,20,6,5,1,0.83337869999923,1,0,1,0,0,0,1,0.306369400001131,50,50,29020,7,1,2,0.01,0,0,0,0,0.101666666666667,0.193333333333333,2,138,1,x,30,2
4,147,21,21,6,2,4,0.799972700000581,1,0,1,0,0,0,0,0.286110299999564,100,100,29120,4,2,4,0,0,0,0,0,0.101666666666667,0.183333333333333,2,138,1,x,30,2
4,148,22,22,4,2,6,0.833274799999344,1,0,1,0,0,0,0,0.347200400001384,50,50,29170,6,3,4,0,0,0,0.103333333333333,0,0,0.243333333333333,2,138,1,x,30,2
4,149,23,23,2,4,6,0.833292799999981,1,0,1,0,0,0,0,0.296113799999148,50,50,29220,5,3,4,0,0.101666666666667,0,0,0,0,0.195,2,138,1,x,30,2
4,150,24,24,4,2,6,0.79997209999965,1,0,1,0,0,0,0,0.326694999999745,70,70,29290,3,2,4,0,0,0,0.101666666666667,0,0,0.225,2,138,1,x,30,2
4,151,25,25,6,4,2,0.799967099999776,1,0,1,0,0,0,0,0.306581700000606,50,50,29340,8,1,3,0.0216666666666667,0,0,0,0,0.101666666666667,0.183333333333333,2,138,1,x,30,2
4,152,26,26,5,1,3,0.79996299999948,1,0,1,0,0,0,0,0.306116100000509,70,70,29410,3,2,4,0,0,0,0,0.101666666666667,0,0.205,2,138,1,x,30,2
4,153,27,27,3,1,5,0.79996889999893,1,0,1,0,0,0,0,0.347113099998751,70,70,29480,3,2,4,0,0,0.101666666666667,0,0,0,0.245,2,138,1,x,30,2
4,154,28,28,2,4,6,0.933318400000644,1,0,1,0,0,0,0,0.408475700000054,50,50,29530,5,3,4,0,0.101666666666667,0.0716666666666667,0,0,0,0.235,2,138,1,x,30,2
4,155,29,29,3,2,4,0.799969100000453,1,0,1,0,0,0,0,0.316274300001169,100,100,29630,4,2,4,0,0,0.101666666666667,0,0,0,0.215,2,138,1,x,30,2
4,156,30,30,6,5,1,0.799979500001427,1,0,1,0,0,0,0,0.306276499999512,70,70,29700,3,2,4,0,0,0,0,0,0.101666666666667,0.205,2,138,1,x,30,2
4,157,31,31,4,3,5,0.799977099999523,1,0,1,0,0,1,0,0.541081500001383,100,100,29800,2,1,4,0,0,0.05,0.101666666666667,0,0,0.39,2,138,1,x,30,2
4,158,32,32,6,4,2,0.79995880000024,1,0,1,0,0,0,0,0.306155999998737,70,70,29870,3,2,4,0,0,0,0,0,0.101666666666667,0.203333333333333,2,138,1,x,30,2
4,159,33,33,1,5,3,0.799979899999016,1,0,1,0,0,0,0,0.336829600000783,50,50,29920,5,3,4,0.101666666666667,0,0,0,0,0,0.233333333333333,2,138,1,x,30,2
4,160,34,34,4,6,2,0.799962199998845,1,0,1,0,0,0,0,0.336980699999913,50,50,29970,9,2,3,0,0,0,0.101666666666667,0,0,0.235,2,138,1,x,30,2
4,161,35,35,1,3,5,0.799948000001677,1,0,1,0,0,0,0,0.275818199999776,0,0,29970,1,1,4,0.101666666666667,0,0,0,0,0,0.173333333333333,2,138,1,x,30,2
4,162,36,36,5,1,3,0.799974900000961,1,0,1,0,0,1,0,0.326993399999992,100,100,30070,2,1,4,0.213333333333333,0,0,0,0.103333333333333,0,0.01,2,138,1,x,30,2
4,163,37,37,3,4,2,0.799972400000115,1,0,1,0,0,0,0,0.336909800000285,50,50,30120,7,1,2,0,0,0.101666666666667,0,0,0,0.235,2,138,1,x,30,2
4,164,38,38,6,5,1,0.799999200000457,1,0,1,0,0,1,0,0.418443599999591,50,50,30170,5,3,4,0,0,0,0,0.111666666666667,0.103333333333333,0.203333333333333,2,138,1,x,30,2
4,165,39,39,5,1,3,0.800043500001266,1,0,1,0,0,0,0,0.428963599999406,0,0,30170,1,1,4,0,0,0,0,0.101666666666667,0.175,0.151666666666667,2,138,1,x,30,2
4,166,40,40,4,5,3,0.799984900000709,1,0,1,0,0,0,0,0.33696190000046,100,100,30270,4,2,4,0,0,0,0.103333333333333,0,0,0.233333333333333,2,138,1,x,30,2
4,167,41,41,4,5,3,0.799987200000032,1,0,1,0,0,0,0,0.29624590000094,0,0,30270,1,1,4,0,0,0,0.101666666666667,0,0,0.193333333333333,2,138,1,x,30,2
4,168,42,42,5,3,1,0.933364200000142,1,0,1,0,0,0,0,0.337153099999341,0,0,30270,1,1,4,0,0,0,0,0.103333333333333,0,0.235,2,138,1,x,30,2
5,169,1,1,1,2,6,0.799965000000157,1,0,1,0,0,1,0,0.44939130000057,100,100,30370,4,2,4,0.103333333333333,0.131666666666667,0,0,0,0,0.215,2,138,1,x,30,2
5,170,2,2,6,1,5,0.799977900000158,1,0,1,0,0,0,0,0.306448600000294,50,50,30420,6,3,4,0,0,0,0,0,0.103333333333333,0.203333333333333,2,138,1,x,30,2
5,171,3,3,4,3,5,0.799974300000031,1,0,1,0,0,0,0,0.357302400001572,50,50,30470,5,3,4,0.235,0,0,0.101666666666667,0,0,0.02,2,138,1,x,30,2
5,172,4,4,5,1,3,0.799947900000916,1,0,1,0,0,1,0,0.367270599999756,100,100,30570,2,1,4,0.235,0,0,0.01,0.101666666666667,0,0.02,2,138,1,x,30,2
5,173,5,5,3,5,1,0.799943800000619,1,0,1,0,0,0,0,0.316484599999967,0,0,30570,1,1,4,0,0,0.103333333333333,0,0,0,0.213333333333333,2,138,1,x,30,2
5,174,6,6,3,2,4,0.799893199999133,1,0,1,0,0,0,0,0.337169500000527,50,50,30620,6,3,4,0,0,0.101666666666667,0,0,0,0.235,2,138,1,x,30,2
5,175,7,7,5,3,1,0.799950999999055,1,0,1,0,0,0,0,0.296087400000033,50,50,30670,5,3,4,0,0,0,0,0.101666666666667,0,0.193333333333333,2,138,1,x,30,2
5,176,8,8,5,4,6,0.799971299999015,1,0,1,0,0,0,0,0.295985499999006,100,100,30770,2,1,4,0,0,0,0,0.101666666666667,0,0.193333333333333,2,138,1,x,30,2
5,177,9,9,6,4,2,0.799970199999734,1,0,1,0,0,0,0,0.306212400000732,0,0,30770,1,1,4,0,0,0,0,0,0.101666666666667,0.205,2,138,1,x,30,2
5,178,10,10,5,3,1,0.799979100000201,1,0,1,0,0,0,0,0.296035199999096,100,100,30870,4,2,4,0,0,0,0,0.101666666666667,0,0.193333333333333,2,138,1,x,30,2
5,179,11,11,1,6,2,0.799965300000622,1,0,1,0,0,1,0,0.356915500000468,50,50,30920,8,1,3,0.101666666666667,0,0,0,0,0.0716666666666667,0.185,2,138,1,x,30,2
5,180,12,12,6,5,1,0.833357600000454,1,0,1,0,0,0,0,0.306043799999316,0,0,30920,1,1,4,0,0,0,0,0,0.101666666666667,0.205,2,138,1,x,30,2
5,181,13,13,4,3,5,0.799954800000705,1,0,1,0,0,0,0,0.326326300000801,50,50,30970,6,3,4,0,0,0,0.101666666666667,0,0,0.225,2,138,1,x,30,2
5,182,14,14,1,5,3,0.799986100000751,1,0,1,0,0,0,0,0.296045300001424,100,100,31070,2,1,4,0.101666666666667,0,0,0,0,0,0.195,2,138,1,x,30,2
5,183,15,15,3,1,5,0.799980900001174,1,0,1,0,0,1,0,0.428631999999197,0,0,31070,1,1,4,0.111666666666667,0.01,0.101666666666667,0,0,0,0.205,2,138,1,x,30,2
5,184,16,16,5,1,3,0.799973900000623,1,0,1,0,0,0,0,0.296048099999098,70,70,31140,3,2,4,0,0,0,0,0.101666666666667,0,0.195,2,138,1,x,30,2
5,185,17,17,4,5,3,0.799978500001089,1,0,1,0,0,0,0,0.295720999998593,100,100,31240,4,2,4,0,0,0,0.103333333333333,0,0,0.193333333333333,2,138,1,x,30,2
5,186,18,18,3,4,2,0.799954699999944,1,0,1,0,0,0,0,0.295999399999346,100,100,31340,4,2,4,0,0,0.101666666666667,0,0,0,0.195,2,138,1,x,30,2
5,187,19,19,6,5,1,0.799971500000538,1,0,1,0,0,1,0,0.337262099999862,50,50,31390,8,1,3,0,0,0,0,0.02,0.101666666666667,0.215,2,138,1,x,30,2
5,188,20,20,5,6,4,0.799972699998762,1,0,1,0,0,0,0,0.296208399999159,70,70,31460,3,2,4,0,0,0,0,0.103333333333333,0,0.193333333333333,2,138,1,x,30,2
5,189,21,21,1,2,6,0.799974700001258,1,0,1,0,0,0,0,0.306376500000624,50,50,31510,6,3,4,0.103333333333333,0,0,0,0,0,0.203333333333333,2,138,1,x,30,2
5,190,22,22,1,2,6,0.79997110000113,1,0,1,0,0,0,0,0.275882300000376,100,100,31610,4,2,4,0.101666666666667,0,0,0,0,0,0.173333333333333,2,138,1,x,30,2
5,191,23,23,4,2,6,0.799934999999095,1,0,1,0,0,0,0,0.316645599999902,50,50,31660,5,3,4,0,0,0,0.101666666666667,0,0,0.215,2,138,1,x,30,2
5,192,24,24,4,5,3,0.800025099999402,1,0,1,0,0,0,1,0.316585900000064,50,50,31710,7,1,2,0,0,0.01,0.103333333333333,0,0,0.203333333333333,2,138,1,x,30,2
5,193,25,25,2,6,4,0.799992000000202,1,0,1,0,0,0,0,0.377911999999924,50,50,31760,7,1,2,0.06,0.101666666666667,0,0,0,0,0.215,2,138,1,x,30,2
5,194,26,26,1,2,6,0.799966599999607,1,0,1,0,0,0,0,0.295932899998661,70,70,31830,3,2,4,0.101666666666667,0,0,0,0,0,0.193333333333333,2,138,1,x,30,2
5,195,27,27,5,4,6,0.799994300001345,1,0,1,0,0,0,0,0.336926699999822,50,50,31880,9,2,3,0.06,0,0,0,0.101666666666667,0,0.175,2,138,1,x,30,2
5,196,28,28,1,5,3,0.799967400000241,1,0,1,0,0,0,0,0.28600440000082,70,70,31950,3,2,4,0.101666666666667,0,0,0,0,0,0.183333333333333,2,138,1,x,30,2
5,197,29,29,5,4,6,0.799973999999565,1,0,1,0,0,0,0,0.285881900001186,100,100,32050,2,1,4,0,0,0,0,0.101666666666667,0,0.183333333333333,2,138,1,x,30,2
5,198,30,30,5,3,1,0.79997849999927,1,0,1,0,0,0,0,0.306301799999346,70,70,32120,3,2,4,0,0,0,0,0.101666666666667,0,0.203333333333333,2,138,1,x,30,2
5,199,31,31,1,2,6,0.833333399999901,1,0,1,0,0,0,0,0.31659800000125,0,0,32120,1,1,4,0.101666666666667,0,0,0,0,0,0.215,2,138,1,x,30,2
5,200,32,32,5,6,4,0.833295100001124,1,0,1,0,0,0,0,0.286198100000547,100,100,32220,4,2,4,0,0,0,0,0.101666666666667,0,0.183333333333333,2,138,1,x,30,2
5,201,33,33,5,4,6,0.83331200000066,1,0,1,0,0,0,0,0.326650999999401,50,50,32270,5,3,4,0,0,0,0,0.101666666666667,0,0.225,2,138,1,x,30,2
5,202,34,34,1,3,5,0.799972200000411,1,0,1,0,0,0,0,0.326657999999952,100,100,32370,2,1,4,0.101666666666667,0,0,0,0,0,0.225,2,138,1,x,30,2
5,203,35,35,2,1,3,0.799969100000453,1,0,1,0,0,0,0,0.347154300001421,50,50,32420,9,2,3,0,0.103333333333333,0,0,0,0,0.245,2,138,1,x,30,2
5,204,36,36,5,1,3,0.799968699999226,1,0,1,0,0,0,0,0.306153699999413,70,70,32490,3,2,4,0,0,0,0,0.101666666666667,0,0.205,2,138,1,x,30,2
5,205,37,37,6,1,5,0.799969699999565,1,0,1,0,0,1,0,0.377717600000324,50,50,32540,5,3,4,0.0616666666666667,0,0,0,0,0.101666666666667,0.215,2,138,1,x,30,2
5,206,38,38,2,3,1,0.7999448999999,1,0,1,0,0,0,0,0.306432999999743,100,100,32640,2,1,4,0,0.101666666666667,0,0,0,0,0.205,2,138,1,x,30,2
5,207,39,39,2,3,1,0.799953800000367,1,0,1,0,0,0,0,0.306247099999382,50,50,32690,6,3,4,0,0.103333333333333,0,0,0,0,0.203333333333333,2,138,1,x,30,2
5,208,40,40,1,2,6,0.799972899998465,1,0,1,0,0,1,1,0.367720899999767,0,0,32690,1,1,4,0.103333333333333,0.05,0,0,0,0.01,0.205,2,138,1,x,30,2
5,209,41,41,5,1,3,0.799963700001172,1,0,1,0,0,0,0,0.296198600000935,50,50,32740,6,3,4,0,0,0,0,0.101666666666667,0,0.193333333333333,2,138,1,x,30,2
5,210,42,42,6,1,5,0.799969699999565,1,0,1,0,0,0,0,0.316878600000564,50,50,32790,5,3,4,0,0,0,0,0,0.101666666666667,0.215,2,138,1,x,30,2
6,211,1,1,1,6,2,0.800021899998683,1,0,1,0,0,1,0,0.387937299999976,50,50,32840,5,3,4,0.101666666666667,0,0,0,0,0.0816666666666667,0.203333333333333,2,138,1,x,30,2
6,212,2,2,3,5,1,0.79997800000092,1,0,1,0,0,0,1,0.398082600000635,50,50,32890,6,3,4,0.111666666666667,0.01,0.101666666666667,0,0,0,0.173333333333333,2,138,1,x,30,2
6,213,3,3,3,4,2,0.799985699999525,1,0,1,0,0,0,0,0.336985199999617,0,0,32890,1,1,4,0,0,0.101666666666667,0,0,0,0.235,2,138,1,x,30,2
6,214,4,4,3,2,4,0.833296299999347,1,0,1,0,0,0,0,0.295927799999845,50,50,32940,6,3,4,0,0,0.101666666666667,0,0,0,0.195,2,138,1,x,30,2
6,215,5,5,3,1,5,0.799978399998508,1,0,1,0,0,1,0,0.316376199998558,100,100,33040,4,2,4,0.195,0,0.101666666666667,0,0,0,0.02,2,138,1,x,30,2
6,216,6,6,6,2,4,0.799936199999138,1,0,1,0,0,0,0,0.357534299999315,100,100,33140,4,2,4,0,0,0.0116666666666667,0,0,0.103333333333333,0.243333333333333,2,138,1,x,30,2
6,217,7,7,2,4,6,0.833302799999728,1,0,1,0,0,0,0,0.316644399999859,100,100,33240,2,1,4,0,0.101666666666667,0,0,0,0,0.215,2,138,1,x,30,2
6,218,8,8,3,5,1,0.799966500000664,1,0,1,0,0,0,1,0.377340400000321,50,50,33290,6,3,4,0.193333333333333,0.0816666666666667,0.103333333333333,0,0,0,0,2,138,1,x,30,2
6,219,9,9,1,6,2,0.799972299999354,1,0,1,0,0,0,0,0.34703780000018,100,100,33390,2,1,4,0.101666666666667,0,0,0,0,0,0.245,2,138,1,x,30,2
6,220,10,10,1,3,5,0.799971899999946,1,0,1,0,0,0,0,0.27581569999893,100,100,33490,2,1,4,0.103333333333333,0,0,0,0,0,0.173333333333333,2,138,1,x,30,2
6,221,11,11,1,6,2,0.799990999999864,1,0,1,0,0,0,0,0.255283200000122,70,70,33560,3,2,4,0.101666666666667,0,0,0,0,0,0.153333333333333,2,138,1,x,30,2
6,222,12,12,5,1,3,0.799974499999735,1,0,1,0,0,1,0,0.663549800001419,50,50,33610,6,3,4,0.225,0,0,0,0.101666666666667,0.326666666666667,0.01,2,138,1,x,30,2
6,223,13,13,2,6,4,0.799974399998973,1,0,1,0,0,0,0,0.296362400000362,100,100,33710,4,2,4,0,0.103333333333333,0,0,0,0,0.193333333333333,2,138,1,x,30,2
6,224,14,14,4,6,2,0.799995600000329,1,0,1,0,0,0,0,0.357760599999892,50,50,33760,9,2,3,0,0,0,0.101666666666667,0,0,0.255,2,138,1,x,30,2
6,225,15,15,2,4,6,0.799992300000667,1,0,1,0,0,0,0,0.306449199999406,50,50,33810,8,1,3,0,0.103333333333333,0,0,0,0,0.203333333333333,2,138,1,x,30,2
6,226,16,16,2,6,4,0.799987200000032,1,0,1,0,0,0,0,0.285874299999705,0,0,33810,1,1,4,0,0.101666666666667,0,0,0,0,0.183333333333333,2,138,1,x,30,2
6,227,17,17,3,5,1,0.800122700000429,1,0,1,0,0,0,0,0.326746000000639,100,100,33910,2,1,4,0,0,0.103333333333333,0,0,0,0.223333333333333,2,138,1,x,30,2
6,228,18,18,1,3,5,0.799970100000792,1,0,1,0,0,1,0,0.326536600001418,70,70,33980,3,2,4,0.101666666666667,0.01,0.01,0,0,0,0.205,2,138,1,x,30,2
6,229,19,19,3,5,1,0.799970699999903,1,0,1,0,0,0,0,0.693862599999193,50,50,34030,5,3,4,0,0.348333333333333,0.101666666666667,0,0,0,0.243333333333333,2,138,1,x,30,2
6,230,20,20,4,2,6,0.799975499998254,1,0,1,0,0,0,0,0.357337600000392,100,100,34130,2,1,4,0,0,0.0516666666666667,0.101666666666667,0,0,0.203333333333333,2,138,1,x,30,2
6,231,21,21,6,1,5,0.799990999999864,1,0,1,0,0,1,0,0.347272499999235,100,100,34230,4,2,4,0.0416666666666667,0,0,0,0,0.101666666666667,0.203333333333333,2,138,1,x,30,2
6,232,22,22,4,6,2,0.833329500001128,1,0,1,0,0,0,0,0.326734028220017,50,50,34280,9,2,3,0,0,0,0.103333333333333,0,0,0.223333333333333,2,138,1,x,30,2
6,233,23,23,2,3,1,0.833284999998796,1,0,1,0,0,0,0,0.306198300000688,50,50,34330,8,1,3,0,0.101666666666667,0,0,0,0,0.205,2,138,1,x,30,2
6,234,24,24,6,5,1,0.799968299999819,1,0,1,0,0,0,0,0.296151700000337,100,100,34430,4,2,4,0,0,0,0,0,0.101666666666667,0.195,2,138,1,x,30,2
6,235,25,25,5,4,6,0.799976299998889,1,0,1,0,0,0,0,0.316412300000593,0,0,34430,1,1,4,0,0,0,0,0.101666666666667,0,0.215,2,138,1,x,30,2
6,236,26,26,1,5,3,0.799963900000876,1,0,1,0,0,0,0,0.326526799999556,0,0,34430,1,1,4,0.101666666666667,0,0,0,0,0,0.225,2,138,1,x,30,2
6,237,27,27,6,4,2,0.799975199999608,1,0,1,0,0,0,0,0.295872299999246,50,50,34480,6,3,4,0,0,0,0,0,0.101666666666667,0.195,2,138,1,x,30,2
6,238,28,28,5,6,4,0.799976400001469,1,0,1,0,0,0,0,0.275716199999806,50,50,34530,5,3,4,0,0,0,0,0.101666666666667,0,0.173333333333333,2,138,1,x,30,2
6,239,29,29,3,2,4,0.799967599999945,1,0,1,0,0,1,0,0.398195699999633,50,50,34580,5,3,4,0,0.0816666666666667,0.101666666666667,0,0,0,0.215,2,138,1,x,30,2
6,240,30,30,5,4,6,0.799959100000706,1,0,1,0,0,0,0,0.2861924000008,70,70,34650,3,2,4,0,0,0,0,0.103333333333333,0,0.183333333333333,2,138,1,x,30,2
6,241,31,31,4,5,3,0.799965000000157,1,0,1,0,0,0,1,0.347319000000425,70,70,34720,3,2,4,0,0,0.01,0.101666666666667,0,0,0.235,2,138,1,x,30,2
6,242,32,32,6,1,5,0.799967900000411,1,0,1,0,0,0,0,0.28613679999944,50,50,34770,6,3,4,0,0,0,0,0,0.103333333333333,0.183333333333333,2,138,1,x,30,2
6,243,33,33,3,4,2,0.799973900000623,1,0,1,0,0,0,0,0.296279100000902,50,50,34820,5,3,4,0,0,0.101666666666667,0,0,0,0.193333333333333,2,138,1,x,30,2
6,244,34,34,5,6,4,0.799941299999773,1,0,1,0,0,0,0,0.296366700000362,50,50,34870,5,3,4,0,0,0,0,0.103333333333333,0,0.193333333333333,2,138,1,x,30,2
6,245,35,35,4,3,5,0.799989799999821,1,0,1,0,0,0,0,0.31674650000059,0,0,34870,1,1,4,0,0,0,0.103333333333333,0,0,0.213333333333333,2,138,1,x,30,2
6,246,36,36,4,5,3,0.799954600001001,1,0,1,0,0,1,0,0.357112099998631,0,0,34870,1,1,4,0,0,0,0.101666666666667,0.0816666666666667,0,0.173333333333333,2,138,1,x,30,2
6,247,37,37,2,1,3,0.833380399999442,0.96,0,1,0,0,0,1,0.367804200001046,50,50,34920,7,1,2,0,0.101666666666667,0.0816666666666667,0,0,0,0.183333333333333,2,138,1,x,30,2
6,248,38,38,3,4,2,0.800005200000669,1,0,1,0,0,0,0,0.316283000000112,100,100,35020,2,1,4,0,0,0.101666666666667,0,0,0,0.213333333333333,2,138,1,x,30,2
6,249,39,39,5,3,1,0.800100399999792,1,0,1,0,0,0,0,0.255546299998969,100,100,35120,4,2,4,0,0,0,0,0.101666666666667,0,0.153333333333333,2,138,1,x,30,2
6,250,40,40,5,3,1,0.799977700000454,1,0,1,0,0,0,0,0.30651779999971,70,70,35190,3,2,4,0,0,0,0,0.101666666666667,0,0.203333333333333,2,138,1,x,30,2
6,251,41,41,4,5,3,0.799979299999904,1,0,1,0,0,1,0,0.367291599999589,50,50,35240,7,1,2,0,0,0,0.101666666666667,0.101666666666667,0,0.163333333333333,2,138,1,x,30,2
6,252,42,42,1,6,2,0.833296400000108,1,0,1,0,0,0,0,0.316481300000305,70,70,35310,3,2,4,0.101666666666667,0,0,0,0,0,0.213333333333333,2,138,1,x,30,2
7,253,1,1,3,1,5,0.799998599999526,1,0,1,0,0,1,0,0.77643689999968,100,100,35410,4,2,4,0.133333333333333,0.01,0.101666666666667,0,0,0,0.531666666666667,2,138,1,x,30,2
7,254,2,2,5,6,4,0.799971000000369,1,0,1,0,0,0,0,0.306470300000001,50,50,35460,5,3,4,0,0,0,0,0.101666666666667,0,0.205,2,138,1,x,30,2
7,255,3,3,4,3,5,0.799981999998636,1,0,1,0,0,0,0,0.326982799999314,100,100,35560,4,2,4,0,0,0,0.101666666666667,0,0,0.225,2,138,1,x,30,2
7,256,4,4,5,4,6,0.799969100000453,1,0,1,0,0,0,0,0.306471600000805,100,100,35660,4,2,4,0,0,0,0,0.103333333333333,0,0.203333333333333,2,138,1,x,30,2
7,257,5,5,2,6,4,0.799979299999904,1,0,1,0,0,0,0,0.306465899999239,70,70,35730,3,2,4,0,0.103333333333333,0,0,0,0,0.203333333333333,2,138,1,x,30,2
7,258,6,6,3,5,1,0.799964899999395,1,0,1,0,0,0,0,0.326613199998974,0,0,35730,1,1,4,0,0,0.103333333333333,0,0,0,0.223333333333333,2,138,1,x,30,2
7,259,7,7,2,4,6,0.79996519999986,1,0,1,0,0,0,0,0.316374899999573,50,50,35780,6,3,4,0,0.103333333333333,0,0,0,0,0.213333333333333,2,138,1,x,30,2
7,260,8,8,6,1,5,0.799971799999184,1,0,1,0,0,0,0,0.387827900000048,50,50,35830,6,3,4,0,0.01,0,0,0,0.101666666666667,0.275,2,138,1,x,30,2
7,261,9,9,5,1,3,0.799937600000703,1,0,1,0,0,0,0,0.275691499999084,50,50,35880,6,3,4,0,0,0,0,0.101666666666667,0,0.173333333333333,2,138,1,x,30,2
7,262,10,10,2,4,6,0.799962799999776,1,0,1,0,0,0,0,0.306014499999947,100,100,35980,4,2,4,0,0.101666666666667,0,0,0,0,0.203333333333333,2,138,1,x,30,2
7,263,11,11,6,5,1,0.79996249999931,1,0,1,0,0,1,0,0.326949000000241,100,100,36080,2,1,4,0,0,0,0,0.01,0.101666666666667,0.215,2,138,1,x,30,2
7,264,12,12,2,6,4,0.833313099999941,1,0,1,0,0,0,0,0.306424500000503,100,100,36180,4,2,4,0,0.101666666666667,0,0,0,0,0.203333333333333,2,138,1,x,30,2
7,265,13,13,5,4,6,0.79999510000016,1,0,1,0,0,0,0,0.285894399999961,50,50,36230,6,3,4,0,0,0,0,0.101666666666667,0,0.183333333333333,2,138,1,x,30,2
7,266,14,14,2,6,4,0.799990699999398,1,0,1,0,0,0,0,0.296183799999199,70,70,36300,3,2,4,0,0.101666666666667,0,0,0,0,0.193333333333333,2,138,1,x,30,2
7,267,15,15,3,4,2,0.799984699999186,1,0,1,0,0,0,0,0.408309599999484,50,50,36350,9,2,3,0,0,0.101666666666667,0,0.0316666666666667,0,0.273333333333333,2,138,1,x,30,2
7,268,16,16,1,6,2,0.800004199998511,1,0,1,0,0,1,0,0.377453200000673,50,50,36400,6,3,4,0.103333333333333,0,0,0,0,0.06,0.215,2,138,1,x,30,2
7,269,17,17,3,1,5,0.799968000001172,1,0,1,0,0,0,0,0.367356700000528,70,70,36470,3,2,4,0,0.01,0.101666666666667,0,0,0,0.256666666666667,2,138,1,x,30,2
7,270,18,18,2,6,4,0.799974200001088,1,0,1,0,0,0,0,0.336817000001247,70,70,36540,3,2,4,0,0.101666666666667,0.0616666666666667,0,0,0,0.173333333333333,2,138,1,x,30,2
7,271,19,19,4,3,5,0.799974500001554,1,0,1,0,0,1,0,0.326461599999675,100,100,36640,2,1,4,0,0,0.0216666666666667,0.101666666666667,0,0,0.203333333333333,2,138,1,x,30,2
7,272,20,20,4,2,6,0.799971799999184,1,0,1,0,0,0,0,0.31659050000053,70,70,36710,3,2,4,0,0,0,0.101666666666667,0,0,0.215,2,138,1,x,30,2
7,273,21,21,5,6,4,0.799964600000749,1,0,1,0,0,0,0,0.296215299998948,50,50,36760,5,3,4,0,0,0,0,0.103333333333333,0,0.193333333333333,2,138,1,x,30,2
7,274,22,22,1,2,6,0.799979800000074,1,0,1,0,0,0,0,0.306432800000039,0,0,36760,1,1,4,0.103333333333333,0,0,0,0,0,0.203333333333333,2,138,1,x,30,2
7,275,23,23,4,6,2,0.799970200001553,1,0,1,0,0,0,0,0.316709099999571,50,50,36810,7,1,2,0,0,0,0.101666666666667,0,0,0.215,2,138,1,x,30,2
7,276,24,24,2,4,6,0.799894499999937,1,0,1,0,0,0,0,0.398157499999797,50,50,36860,7,1,2,0,0.103333333333333,0.131666666666667,0,0,0,0.163333333333333,2,138,1,x,30,2
7,277,25,25,3,1,5,0.799977299999227,1,0,1,0,0,0,0,0.316407700000127,0,0,36860,1,1,4,0,0,0.103333333333333,0,0,0,0.213333333333333,2,138,1,x,30,2
7,278,26,26,3,4,2,0.799936899999011,1,0,1,0,0,0,0,0.285982299999887,70,70,36930,3,2,4,0,0,0.101666666666667,0,0,0,0.183333333333333,2,138,1,x,30,2
7,279,27,27,6,1,5,0.799914900000658,1,0,1,0,0,1,0,0.408123100000012,100,100,37030,2,1,4,0.06,0,0,0,0,0.101666666666667,0.245,2,138,1,x,30,2
7,280,28,28,4,5,3,0.899933099999544,0.925925925925926,0,1,0,0,0,0,0.316569999999047,50,50,37080,6,3,4,0,0,0,0.103333333333333,0,0,0.213333333333333,2,138,1,x,30,2
7,281,29,29,2,3,1,0.799962699999014,1,0,1,0,0,1,0,0.377676899999642,0,0,37080,1,1,4,0,0.101666666666667,0.0716666666666667,0,0,0,0.203333333333333,2,138,1,x,30,2
7,282,30,30,3,2,4,0.799962600000072,1,0,1,0,0,1,0,0.387936600000103,0,0,37080,1,1,4,0,0.0916666666666667,0.101666666666667,0,0,0,0.193333333333333,2,138,1,x,30,2
7,283,31,31,3,4,2,0.799998800001049,1,0,1,0,0,0,0,0.275636200000008,50,50,37130,5,3,4,0,0,0.101666666666667,0,0,0,0.173333333333333,2,138,1,x,30,2
7,284,32,32,1,2,6,0.799976599999354,1,0,1,0,0,1,0,0.336946900000839,100,100,37230,4,2,4,0.103333333333333,0.01,0.02,0,0,0,0.203333333333333,2,138,1,x,30,2
7,285,33,33,6,2,4,0.79986689999896,1,0,1,0,0,0,0,0.326978400000371,50,50,37280,8,1,3,0,0,0,0,0,0.101666666666667,0.225,2,138,1,x,30,2
7,286,34,34,2,1,3,0.799964200001341,1,0,1,0,0,0,0,0.326751699998567,50,50,37330,9,2,3,0,0.101666666666667,0,0,0,0,0.223333333333333,2,138,1,x,30,2
7,287,35,35,4,6,2,0.833296100001462,1,0,1,0,0,0,0,0.336992199998349,100,100,37430,2,1,4,0,0,0,0.101666666666667,0,0,0.235,2,138,1,x,30,2
7,288,36,36,6,5,1,0.79994810000062,1,0,1,0,0,0,0,0.316643599999225,50,50,37480,8,1,3,0,0,0,0,0,0.101666666666667,0.215,2,138,1,x,30,2
7,289,37,37,1,2,6,0.799974100000327,1,0,1,0,0,0,0,0.296038000000408,50,50,37530,5,3,4,0.101666666666667,0,0,0,0,0,0.195,2,138,1,x,30,2
7,290,38,38,1,2,6,0.799921499999982,1,0,1,0,0,0,0,0.286130700000285,50,50,37580,5,3,4,0.101666666666667,0,0,0,0,0,0.185,2,138,1,x,30,2
7,291,39,39,6,5,1,0.799963999999818,1,0,1,0,0,0,0,0.306028000000879,100,100,37680,2,1,4,0,0,0,0,0,0.101666666666667,0.205,2,138,1,x,30,2
7,292,40,40,5,1,3,0.833305100000871,0.96,0,1,0,0,1,0,0.378065900000365,100,100,37780,2,1,4,0.02,0,0,0,0.103333333333333,0,0.255,2,138,1,x,30,2
7,293,41,41,1,3,5,0.799980399999185,1,0,1,0,0,0,0,0.29607009999927,0,0,37780,1,1,4,0.101666666666667,0,0,0,0,0,0.193333333333333,2,138,1,x,30,2
7,294,42,42,2,1,3,0.79994589999842,1,0,1,0,0,1,0,0.367645099999208,50,50,37830,5,3,4,0.0816666666666667,0.103333333333333,0,0,0,0,0.183333333333333,2,138,1,x,30,2
8,295,1,1,6,1,5,0.799973099999988,1,0,1,0,0,1,0,0.347167400001126,100,100,37930,2,1,4,0.05,0,0,0,0,0.101666666666667,0.195,2,138,1,x,30,2
8,296,2,2,2,4,6,0.799992000000202,1,0,1,0,0,0,0,0.306279299999005,0,0,37930,1,1,4,0,0.101666666666667,0,0,0,0,0.203333333333333,2,138,1,x,30,2
8,297,3,3,4,3,5,0.799960299998929,1,0,1,0,1,0,0,1.02051659999961,0,0,37930,1,1,4,0,0,0,0.101666666666667,0,0.0816666666666667,0.836666666666667,2,138,1,x,30,2
8,298,4,4,4,3,5,0.79995179999969,1,0,1,0,0,0,0,0.336833899998965,50,50,37980,5,3,4,0,0,0,0.101666666666667,0,0,0.235,2,138,1,x,30,2
8,299,5,5,2,3,1,0.80004629999894,1,0,1,0,0,0,0,0.387883899998997,50,50,38030,5,3,4,0,0.101666666666667,0,0.103333333333333,0,0,0.183333333333333,2,138,1,x,30,2
8,300,6,6,6,1,5,0.799966799999311,1,0,1,0,0,0,0,0.306418399999529,50,50,38080,9,2,3,0,0.0116666666666667,0,0,0,0.101666666666667,0.193333333333333,2,138,1,x,30,2
8,301,7,7,3,4,2,0.799980300000243,1,0,1,0,0,0,0,0.3370003,50,50,38130,6,3,4,0,0,0.101666666666667,0,0,0,0.235,2,138,1,x,30,2
8,302,8,8,6,4,2,0.799976500000412,1,0,1,0,0,0,0,0.265443000000232,100,100,38230,4,2,4,0,0,0,0,0,0.101666666666667,0.163333333333333,2,138,1,x,30,2
8,303,9,9,4,2,6,0.79995930000041,1,0,1,0,0,0,0,0.347022600000855,100,100,38330,4,2,4,0,0,0,0.101666666666667,0,0,0.245,2,138,1,x,30,2
8,304,10,10,6,2,4,0.79996570000003,1,0,1,0,0,0,0,0.295919899999717,50,50,38380,7,1,2,0,0,0,0,0,0.103333333333333,0.193333333333333,2,138,1,x,30,2
8,305,11,11,6,1,5,0.799978600000031,1,0,1,0,0,0,0,0.285958200000096,100,100,38480,2,1,4,0,0,0,0,0,0.103333333333333,0.183333333333333,2,138,1,x,30,2
8,306,12,12,3,1,5,0.800074599999789,1,0,1,0,0,0,0,0.296374300000025,100,100,38580,2,1,4,0,0,0.103333333333333,0,0,0,0.193333333333333,2,138,1,x,30,2
8,307,13,13,6,1,5,0.799950399999943,1,0,1,0,0,0,0,0.275953599999411,50,50,38630,5,3,4,0,0,0,0,0,0.101666666666667,0.173333333333333,2,138,1,x,30,2
8,308,14,14,5,1,3,0.799987399999736,1,0,1,0,0,0,0,0.408111700000518,70,70,38700,3,2,4,0,0,0,0,0.101666666666667,0.143333333333333,0.163333333333333,2,138,1,x,30,2
8,309,15,15,1,6,2,0.80002869999953,1,0,1,0,0,0,0,0.337156499999764,50,50,38750,6,3,4,0.101666666666667,0,0,0,0,0,0.235,2,138,1,x,30,2
8,310,16,16,1,3,5,0.800003899999865,1,0,1,0,0,0,0,0.306384700001217,0,0,38750,1,1,4,0.103333333333333,0,0,0,0,0,0.203333333333333,2,138,1,x,30,2
8,311,17,17,5,6,4,0.799951099999817,1,0,1,0,0,0,0,0.31666740000037,50,50,38800,5,3,4,0.01,0,0,0,0.103333333333333,0,0.203333333333333,2,138,1,x,30,2
8,312,18,18,2,6,4,0.799970099998973,1,0,1,0,0,0,0,0.357287999999244,0,0,38800,1,1,4,0.0616666666666667,0.101666666666667,0,0,0,0,0.193333333333333,2,138,1,x,30,2
8,313,19,19,1,2,6,0.799972900000284,1,0,1,0,0,0,0,0.306281799999852,100,100,38900,4,2,4,0.101666666666667,0,0,0,0,0,0.203333333333333,2,138,1,x,30,2
8,314,20,20,2,4,6,0.83331200000066,1,0,1,0,0,0,0,0.336588300000585,50,50,38950,9,2,3,0.0916666666666667,0.101666666666667,0,0,0,0,0.143333333333333,2,138,1,x,30,2
8,315,21,21,1,6,2,0.799949299998843,1,0,1,0,0,0,0,0.295674800001507,50,50,39000,6,3,4,0.101666666666667,0,0,0,0,0,0.193333333333333,2,138,1,x,30,2
8,316,22,22,6,1,5,0.800030700000207,1,0,1,0,0,1,0,0.306303900000785,100,100,39100,2,1,4,0.193333333333333,0,0,0,0,0.101666666666667,0.01,2,138,1,x,30,2
8,317,23,23,4,6,2,0.799992599999314,1,0,1,0,0,0,0,0.347310299999663,70,70,39170,3,2,4,0,0,0,0.103333333333333,0,0,0.245,2,138,1,x,30,2
8,318,24,24,6,2,4,0.799968699999226,1,0,1,0,0,0,0,0.296137400000589,50,50,39220,8,1,3,0,0,0,0,0,0.101666666666667,0.195,2,138,1,x,30,2
8,319,25,25,4,2,6,0.799958999999944,1,0,1,0,0,0,0,0.326991500000076,50,50,39270,5,3,4,0,0,0,0.101666666666667,0,0,0.225,2,138,1,x,30,2
8,320,26,26,5,4,6,0.833312599999772,1,0,1,0,0,0,0,0.296076800001174,50,50,39320,7,1,2,0,0,0,0,0.101666666666667,0,0.195,2,138,1,x,30,2
8,321,27,27,4,6,2,0.7999705000002,1,0,1,0,0,0,0,0.31668130000071,50,50,39370,6,3,4,0,0,0,0.101666666666667,0,0,0.215,2,138,1,x,30,2
8,322,28,28,1,5,3,0.800054099998306,1,0,1,0,0,0,0,0.32664449999902,70,70,39440,3,2,4,0.101666666666667,0,0,0,0,0,0.225,2,138,1,x,30,2
8,323,29,29,2,6,4,0.799968799999988,1,0,1,0,0,0,0,0.316406099998858,100,100,39540,4,2,4,0,0.101666666666667,0,0,0,0,0.215,2,138,1,x,30,2
8,324,30,30,6,1,5,0.799979399998847,1,0,1,0,0,0,0,0.285771299999396,70,70,39610,3,2,4,0,0,0,0,0,0.103333333333333,0.183333333333333,2,138,1,x,30,2
8,325,31,31,6,2,4,0.799967399998422,1,0,1,0,0,0,0,0.3165024000009,100,100,39710,4,2,4,0,0,0,0,0,0.101666666666667,0.215,2,138,1,x,30,2
8,326,32,32,4,3,5,0.799985300000117,1,0,1,0,0,0,0,0.326357100000678,70,70,39780,3,2,4,0,0,0,0.101666666666667,0,0,0.225,2,138,1,x,30,2
8,327,33,33,5,3,1,0.799981599999228,1,0,1,0,0,0,0,0.327034799998728,50,50,39830,6,3,4,0,0,0,0,0.101666666666667,0,0.225,2,138,1,x,30,2
8,328,34,34,6,5,1,0.799996800000372,1,0,1,0,0,0,0,0.296246500000052,0,0,39830,1,1,4,0,0,0,0,0,0.101666666666667,0.193333333333333,2,138,1,x,30,2
8,329,35,35,6,1,5,0.799947299999985,1,0,1,0,0,0,0,0.286040800001501,0,0,39830,1,1,4,0,0,0,0,0,0.101666666666667,0.183333333333333,2,138,1,x,30,2
8,330,36,36,6,2,4,0.799990200001048,1,0,1,0,0,0,0,0.296281999999337,100,100,39930,2,1,4,0,0,0,0,0,0.101666666666667,0.193333333333333,2,138,1,x,30,2
8,331,37,37,2,3,1,0.799972599999819,1,0,1,0,0,0,0,0.316645599999902,50,50,39980,6,3,4,0,0.103333333333333,0,0,0,0.203333333333333,0.01,2,138,1,x,30,2
8,332,38,38,5,1,3,0.89998149999883,1,0,1,0,0,0,0,0.418977999999697,70,70,40050,3,2,4,0,0,0,0,0.101666666666667,0.113333333333333,0.203333333333333,2,138,1,x,30,2
8,333,39,39,2,4,6,0.799965600001087,1,0,1,0,0,0,0,0.377971399999296,50,50,40100,5,3,4,0,0.101666666666667,0,0,0,0,0.275,2,138,1,x,30,2
8,334,40,40,4,6,2,0.799968299999819,1,0,1,0,0,0,0,0.377715099999477,100,100,40200,4,2,4,0,0,0,0.101666666666667,0.0516666666666667,0,0.223333333333333,2,138,1,x,30,2
8,335,41,41,2,6,4,0.799973299999692,1,0,1,0,0,0,0,0.336627200000294,100,100,40300,2,1,4,0.05,0.101666666666667,0,0,0,0,0.183333333333333,2,138,1,x,30,2
8,336,42,42,4,2,6,0.799964800000453,1,0,1,0,0,0,0,0.306303800000023,50,50,40350,8,1,3,0,0,0,0.101666666666667,0,0,0.205,2,138,1,x,30,2
